[{"fields": {"model": "logentry", "name": "log entry", "app_label": "admin"}, "model": "contenttypes.contenttype", "pk": 1}, {"fields": {"model": "permission", "name": "permission", "app_label": "auth"}, "model": "contenttypes.contenttype", "pk": 2}, {"fields": {"model": "group", "name": "group", "app_label": "auth"}, "model": "contenttypes.contenttype", "pk": 3}, {"fields": {"model": "user", "name": "user", "app_label": "auth"}, "model": "contenttypes.contenttype", "pk": 4}, {"fields": {"model": "contenttype", "name": "content type", "app_label": "contenttypes"}, "model": "contenttypes.contenttype", "pk": 5}, {"fields": {"model": "session", "name": "session", "app_label": "sessions"}, "model": "contenttypes.contenttype", "pk": 6}, {"fields": {"model": "site", "name": "site", "app_label": "sites"}, "model": "contenttypes.contenttype", "pk": 7}, {"fields": {"model": "account", "name": "account", "app_label": "account"}, "model": "contenttypes.contenttype", "pk": 8}, {"fields": {"model": "signupcode", "name": "signup code", "app_label": "account"}, "model": "contenttypes.contenttype", "pk": 9}, {"fields": {"model": "signupcoderesult", "name": "signup code result", "app_label": "account"}, "model": "contenttypes.contenttype", "pk": 10}, {"fields": {"model": "emailaddress", "name": "email address", "app_label": "account"}, "model": "contenttypes.contenttype", "pk": 11}, {"fields": {"model": "emailconfirmation", "name": "email confirmation", "app_label": "account"}, "model": "contenttypes.contenttype", "pk": 12}, {"fields": {"model": "accountdeletion", "name": "account deletion", "app_label": "account"}, "model": "contenttypes.contenttype", "pk": 13}, {"fields": {"model": "source", "name": "source", "app_label": "easy_thumbnails"}, "model": "contenttypes.contenttype", "pk": 14}, {"fields": {"model": "thumbnail", "name": "thumbnail", "app_label": "easy_thumbnails"}, "model": "contenttypes.contenttype", "pk": 15}, {"fields": {"model": "thumbnaildimensions", "name": "thumbnail dimensions", "app_label": "easy_thumbnails"}, "model": "contenttypes.contenttype", "pk": 16}, {"fields": {"model": "log", "name": "log", "app_label": "eventlog"}, "model": "contenttypes.contenttype", "pk": 17}, {"fields": {"model": "revision", "name": "revision", "app_label": "reversion"}, "model": "contenttypes.contenttype", "pk": 18}, {"fields": {"model": "version", "name": "version", "app_label": "reversion"}, "model": "contenttypes.contenttype", "pk": 19}, {"fields": {"model": "tree", "name": "Site Tree", "app_label": "sitetree"}, "model": "contenttypes.contenttype", "pk": 20}, {"fields": {"model": "treeitem", "name": "Site Tree Item", "app_label": "sitetree"}, "model": "contenttypes.contenttype", "pk": 21}, {"fields": {"model": "tag", "name": "Tag", "app_label": "taggit"}, "model": "contenttypes.contenttype", "pk": 22}, {"fields": {"model": "taggeditem", "name": "Tagged Item", "app_label": "taggit"}, "model": "contenttypes.contenttype", "pk": 23}, {"fields": {"model": "box", "name": "box", "app_label": "boxes"}, "model": "contenttypes.contenttype", "pk": 24}, {"fields": {"model": "page", "name": "page", "app_label": "symposion_cms"}, "model": "contenttypes.contenttype", "pk": 25}, {"fields": {"model": "file", "name": "file", "app_label": "symposion_cms"}, "model": "contenttypes.contenttype", "pk": 26}, {"fields": {"model": "conference", "name": "conference", "app_label": "symposion_conference"}, "model": "contenttypes.contenttype", "pk": 27}, {"fields": {"model": "section", "name": "section", "app_label": "symposion_conference"}, "model": "contenttypes.contenttype", "pk": 28}, {"fields": {"model": "proposalsection", "name": "proposal section", "app_label": "symposion_proposals"}, "model": "contenttypes.contenttype", "pk": 29}, {"fields": {"model": "proposalkind", "name": "proposal kind", "app_label": "symposion_proposals"}, "model": "contenttypes.contenttype", "pk": 30}, {"fields": {"model": "proposalbase", "name": "proposal base", "app_label": "symposion_proposals"}, "model": "contenttypes.contenttype", "pk": 31}, {"fields": {"model": "additionalspeaker", "name": "additional speaker", "app_label": "symposion_proposals"}, "model": "contenttypes.contenttype", "pk": 32}, {"fields": {"model": "supportingdocument", "name": "supporting document", "app_label": "symposion_proposals"}, "model": "contenttypes.contenttype", "pk": 33}, {"fields": {"model": "reviewassignment", "name": "review assignment", "app_label": "symposion_reviews"}, "model": "contenttypes.contenttype", "pk": 34}, {"fields": {"model": "proposalmessage", "name": "proposal message", "app_label": "symposion_reviews"}, "model": "contenttypes.contenttype", "pk": 35}, {"fields": {"model": "review", "name": "review", "app_label": "symposion_reviews"}, "model": "contenttypes.contenttype", "pk": 36}, {"fields": {"model": "latestvote", "name": "latest vote", "app_label": "symposion_reviews"}, "model": "contenttypes.contenttype", "pk": 37}, {"fields": {"model": "proposalresult", "name": "proposal result", "app_label": "symposion_reviews"}, "model": "contenttypes.contenttype", "pk": 38}, {"fields": {"model": "comment", "name": "comment", "app_label": "symposion_reviews"}, "model": "contenttypes.contenttype", "pk": 39}, {"fields": {"model": "notificationtemplate", "name": "notification template", "app_label": "symposion_reviews"}, "model": "contenttypes.contenttype", "pk": 40}, {"fields": {"model": "resultnotification", "name": "result notification", "app_label": "symposion_reviews"}, "model": "contenttypes.contenttype", "pk": 41}, {"fields": {"model": "schedule", "name": "schedule", "app_label": "symposion_schedule"}, "model": "contenttypes.contenttype", "pk": 42}, {"fields": {"model": "day", "name": "day", "app_label": "symposion_schedule"}, "model": "contenttypes.contenttype", "pk": 43}, {"fields": {"model": "room", "name": "room", "app_label": "symposion_schedule"}, "model": "contenttypes.contenttype", "pk": 44}, {"fields": {"model": "slotkind", "name": "slot kind", "app_label": "symposion_schedule"}, "model": "contenttypes.contenttype", "pk": 45}, {"fields": {"model": "slot", "name": "slot", "app_label": "symposion_schedule"}, "model": "contenttypes.contenttype", "pk": 46}, {"fields": {"model": "slotroom", "name": "slot room", "app_label": "symposion_schedule"}, "model": "contenttypes.contenttype", "pk": 47}, {"fields": {"model": "presentation", "name": "presentation", "app_label": "symposion_schedule"}, "model": "contenttypes.contenttype", "pk": 48}, {"fields": {"model": "speaker", "name": "speaker", "app_label": "symposion_speakers"}, "model": "contenttypes.contenttype", "pk": 49}, {"fields": {"model": "sponsorlevel", "name": "sponsor level", "app_label": "symposion_sponsorship"}, "model": "contenttypes.contenttype", "pk": 50}, {"fields": {"model": "sponsor", "name": "sponsor", "app_label": "symposion_sponsorship"}, "model": "contenttypes.contenttype", "pk": 51}, {"fields": {"model": "benefit", "name": "benefit", "app_label": "symposion_sponsorship"}, "model": "contenttypes.contenttype", "pk": 52}, {"fields": {"model": "benefitlevel", "name": "benefit level", "app_label": "symposion_sponsorship"}, "model": "contenttypes.contenttype", "pk": 53}, {"fields": {"model": "sponsorbenefit", "name": "sponsor benefit", "app_label": "symposion_sponsorship"}, "model": "contenttypes.contenttype", "pk": 54}, {"fields": {"model": "team", "name": "team", "app_label": "teams"}, "model": "contenttypes.contenttype", "pk": 55}, {"fields": {"model": "membership", "name": "membership", "app_label": "teams"}, "model": "contenttypes.contenttype", "pk": 56}, {"fields": {"model": "talkproposal", "name": "talk proposal", "app_label": "proposals"}, "model": "contenttypes.contenttype", "pk": 57}, {"fields": {"model": "tutorialproposal", "name": "tutorial proposal", "app_label": "proposals"}, "model": "contenttypes.contenttype", "pk": 58}, {"fields": {"expire_date": "2015-03-24T23:26:31.651Z", "session_data": "MDM5YzdlNDBkYjY5NmVmNjI2MWJlYTdhZGMwMTMyOWE0NjRkYzIzODp7Il9zZXNzaW9uX2V4cGlyeSI6MCwiX2F1dGhfdXNlcl9oYXNoIjoiZDBiMzg3MzY5OTkwMjFiYmE3NmYxMWVhNGUxNWEwOTkxMDFhYmM2OSIsIl9hdXRoX3VzZXJfYmFja2VuZCI6ImFjY291bnQuYXV0aF9iYWNrZW5kcy5FbWFpbEF1dGhlbnRpY2F0aW9uQmFja2VuZCIsIl9hdXRoX3VzZXJfaWQiOjN9"}, "model": "sessions.session", "pk": "6lmnuezba5e7gb8uwzd37me0ixezih4d"}, {"fields": {"expire_date": "2015-03-27T12:27:17.261Z", "session_data": "YTljMmMwNjZmODlkOGIyNGMzODFmZTU5MzhhMGE5ODg3ZmQ2YzUwODp7fQ=="}, "model": "sessions.session", "pk": "7w27ncxgebkymcc1t59h0h7ioxncwguy"}, {"fields": {"expire_date": "2015-03-27T20:25:19.059Z", "session_data": "NjI4M2MyZjhlNWExMDBlMDIwZGY5N2Y3YWQyMmRiNDAxZmJhMmM0ZDp7Il9hdXRoX3VzZXJfaWQiOjgsIl9hdXRoX3VzZXJfaGFzaCI6ImIxMmFlZmVjMDM0NjAwNjQxM2NhYTQ0NGQ3NTdlZWUzZWVmYzkzYjciLCJfc2Vzc2lvbl9leHBpcnkiOjAsIl9hdXRoX3VzZXJfYmFja2VuZCI6ImFjY291bnQuYXV0aF9iYWNrZW5kcy5FbWFpbEF1dGhlbnRpY2F0aW9uQmFja2VuZCJ9"}, "model": "sessions.session", "pk": "fzgi4qo5l9v5htg0plx6q10f9v5jp2mk"}, {"fields": {"expire_date": "2015-03-27T21:15:10.496Z", "session_data": "MDM5YzdlNDBkYjY5NmVmNjI2MWJlYTdhZGMwMTMyOWE0NjRkYzIzODp7Il9zZXNzaW9uX2V4cGlyeSI6MCwiX2F1dGhfdXNlcl9oYXNoIjoiZDBiMzg3MzY5OTkwMjFiYmE3NmYxMWVhNGUxNWEwOTkxMDFhYmM2OSIsIl9hdXRoX3VzZXJfYmFja2VuZCI6ImFjY291bnQuYXV0aF9iYWNrZW5kcy5FbWFpbEF1dGhlbnRpY2F0aW9uQmFja2VuZCIsIl9hdXRoX3VzZXJfaWQiOjN9"}, "model": "sessions.session", "pk": "hs2e69y633lzk7p04l6uaufnf4halaxj"}, {"fields": {"expire_date": "2025-03-10T21:43:56.346Z", "session_data": "NTdhZWZkZTNlZGNhYjAzOWMxOWY3MjI0MTdmZjZhZWU4YmI2YTdkYjp7Il9zZXNzaW9uX2V4cGlyeSI6MzE1MzYwMDAwLCJfYXV0aF91c2VyX2lkIjo2LCJfYXV0aF91c2VyX2hhc2giOiJmN2EzNGZiNTQwZDAwM2Q4MGQzODU3ZDhiY2VlMmMwN2JmNmQwYzI1IiwiX2F1dGhfdXNlcl9iYWNrZW5kIjoiYWNjb3VudC5hdXRoX2JhY2tlbmRzLkVtYWlsQXV0aGVudGljYXRpb25CYWNrZW5kIn0="}, "model": "sessions.session", "pk": "ljg7fysk3jrmwg4x1m2vtewopdijy5xq"}, {"fields": {"expire_date": "2015-03-26T18:41:32.649Z", "session_data": "ZTdmMjRhZTEzMDNlNDU5ZGJmYTIyNmQ2Zjk3NDZjNWY1NzViYjgxYzp7Il9zZXNzaW9uX2V4cGlyeSI6MCwiX2F1dGhfdXNlcl9pZCI6MywiX2F1dGhfdXNlcl9oYXNoIjoiZDBiMzg3MzY5OTkwMjFiYmE3NmYxMWVhNGUxNWEwOTkxMDFhYmM2OSIsIl9hdXRoX3VzZXJfYmFja2VuZCI6ImFjY291bnQuYXV0aF9iYWNrZW5kcy5FbWFpbEF1dGhlbnRpY2F0aW9uQmFja2VuZCJ9"}, "model": "sessions.session", "pk": "mqjjphdqktonaqo1t0y3890y48i789mj"}, {"fields": {"expire_date": "2015-03-26T01:40:01.240Z", "session_data": "OTlhMGE5MWFjYWQ3YmQ4NTIyZmY3ODI2MzViOWU2ZmM3ZWJlZTIzNjp7Il9zZXNzaW9uX2V4cGlyeSI6MCwiX2F1dGhfdXNlcl9oYXNoIjoiNjVhNWQ4MGVhMzFlNGEzNTFjNzgzNDRiMWFlYzdhMGQzMzVkODZmZiIsIl9hdXRoX3VzZXJfYmFja2VuZCI6ImFjY291bnQuYXV0aF9iYWNrZW5kcy5FbWFpbEF1dGhlbnRpY2F0aW9uQmFja2VuZCIsIl9hdXRoX3VzZXJfaWQiOjF9"}, "model": "sessions.session", "pk": "udgyyzx9m3nulbkhftk105dv2g3hyoil"}, {"fields": {"expire_date": "2015-03-27T22:03:51.480Z", "session_data": "MGU5ODllNTkyYjdkYzUxMTZlMTRlMDkzOWM2Yjc4NDAwNTVmN2FiZDp7Il9hdXRoX3VzZXJfYmFja2VuZCI6ImRqYW5nby5jb250cmliLmF1dGguYmFja2VuZHMuTW9kZWxCYWNrZW5kIiwiX2F1dGhfdXNlcl9oYXNoIjoiNWM3MmE4MWNhMjY0ZDMzMjE4YmE4NTQyYTNjN2Y4N2E3NmE0MWYxZSIsIl9zZXNzaW9uX2V4cGlyeSI6MCwiX2F1dGhfdXNlcl9pZCI6MTB9"}, "model": "sessions.session", "pk": "uvh02ikcl5apnl96sep7s0h0524lqwm3"}, {"fields": {"expire_date": "2015-03-26T18:44:10.663Z", "session_data": "YWIyMDRhOTZmYmJhMmNjNGRlODE4MWViMDc0NTZhYWM5Zjc4ZTBiMTp7Il9zZXNzaW9uX2V4cGlyeSI6MCwiX2F1dGhfdXNlcl9oYXNoIjoiZDQyYmY3YzRkOGI2OTI2YTAzYjFhOGNmM2NkNzFmNTQwMTQ2YjQ1ZiIsIl9hdXRoX3VzZXJfYmFja2VuZCI6ImFjY291bnQuYXV0aF9iYWNrZW5kcy5FbWFpbEF1dGhlbnRpY2F0aW9uQmFja2VuZCIsIl9hdXRoX3VzZXJfaWQiOjR9"}, "model": "sessions.session", "pk": "wushzrv555uszjslletq35grskm4zl6y"}, {"fields": {"expire_date": "2015-03-26T01:13:48.876Z", "session_data": "Njg5YzhjYjliYTlmZDNjZTRkYWJkMTk2ODRhOWMxMjhlNzFlMGUwNjp7Il9zZXNzaW9uX2V4cGlyeSI6MCwiX2F1dGhfdXNlcl9pZCI6NywiX2F1dGhfdXNlcl9oYXNoIjoiNDAxZTg0MDlhOGI5YWVhYjI5MjE4MzI2NzExMTBhZjhjODQwNTI2YSIsIl9hdXRoX3VzZXJfYmFja2VuZCI6ImFjY291bnQuYXV0aF9iYWNrZW5kcy5FbWFpbEF1dGhlbnRpY2F0aW9uQmFja2VuZCJ9"}, "model": "sessions.session", "pk": "ztvxxahc2hvxknj2stfcr4d8u8ubudva"}, {"fields": {"domain": "localhost:8000", "name": "example.com [localhost]"}, "model": "sites.site", "pk": 1}, {"fields": {"domain": "example.com", "name": "example.com"}, "model": "sites.site", "pk": 2}, {"fields": {"domain": "conf.pydata.org/seattle2015", "name": "seattle2015"}, "model": "sites.site", "pk": 3}, {"fields": {"email_address": 3, "key": "68f0e5d70070adba0ce801aaa729ac8924bb6789d0ad1d23ad5dfeffc9b34025", "sent": "2015-03-10T23:24:13.631Z", "created": "2015-03-10T22:10:33.738Z"}, "model": "account.emailconfirmation", "pk": 2}, {"fields": {"email_address": 5, "key": "efd04e7ec906df6bbec0db32becddfa70c59b5c938e331975b5ae16c514b7b6b", "sent": "2015-03-11T16:52:16.239Z", "created": "2015-03-11T16:49:30.823Z"}, "model": "account.emailconfirmation", "pk": 3}, {"fields": {"email_address": 6, "key": "5743e03748c43db170aa30b8d02e003f0b3915407913d4060e9c05bd5837f46e", "sent": "2015-03-12T01:09:02.703Z", "created": "2015-03-11T17:47:49.105Z"}, "model": "account.emailconfirmation", "pk": 4}, {"fields": {"email_address": 7, "key": "0ac6d590ee8723d845f396d5edff62c6860c7971d173a03eec50a49db15eee34", "sent": "2015-03-13T20:21:41.486Z", "created": "2015-03-13T19:33:25.031Z"}, "model": "account.emailconfirmation", "pk": 5}, {"fields": {"email_address": 8, "key": "ba414f45540ef68638d566bb886df0b87a422b46de85695adb8862301b8b97b8", "sent": "2015-03-13T21:59:19.853Z", "created": "2015-03-13T21:58:37.917Z"}, "model": "account.emailconfirmation", "pk": 6}, {"fields": {"email_address": 9, "key": "fc8e1a6882aeb3b44e68b3a09efcbda9c3b46e07104fcdac635be14c3a721558", "sent": "2015-03-13T22:03:51.383Z", "created": "2015-03-13T21:58:37.973Z"}, "model": "account.emailconfirmation", "pk": 7}, {"fields": {"format": "json", "object_repr": "teare", "object_id": "1", "content_type": 25, "object_id_int": 1, "serialized_data": "[{\"fields\": {\"body\": \"q4t54\", \"status\": 2, \"updated\": \"2015-03-12T14:40:15.658\", \"created\": \"2015-03-12T14:40:15.653\", \"_body_rendered\": \"<p>q4t54</p>\", \"title\": \"teare\", \"publish_date\": \"2015-03-12T14:40:15.653\", \"path\": \"venue/\"}, \"model\": \"symposion_cms.page\", \"pk\": 1}]", "revision": 1}, "model": "reversion.version", "pk": 1}, {"fields": {"format": "json", "object_repr": "Sponsor", "object_id": "2", "content_type": 25, "object_id_int": 2, "serialized_data": "[{\"fields\": {\"body\": \"SPONSOR TEST this\", \"status\": 2, \"updated\": \"2015-03-12T14:41:32.239\", \"created\": \"2015-03-12T14:41:32.236\", \"_body_rendered\": \"<p>SPONSOR TEST this</p>\", \"title\": \"Sponsor\", \"publish_date\": \"2015-03-12T14:41:04-04:00\", \"path\": \"sponsor/\"}, \"model\": \"symposion_cms.page\", \"pk\": 2}]", "revision": 2}, "model": "reversion.version", "pk": 2}, {"fields": {"format": "json", "object_repr": "sample", "object_id": "3", "content_type": 25, "object_id_int": 3, "serialized_data": "[{\"fields\": {\"body\": \"uwdhfowg\", \"status\": 2, \"updated\": \"2015-03-12T21:26:39.009\", \"created\": \"2015-03-12T21:26:39.002\", \"_body_rendered\": \"<p>uwdhfowg</p>\", \"title\": \"sample\", \"publish_date\": \"2015-03-12T21:25:59-04:00\", \"path\": \"sample/\"}, \"model\": \"symposion_cms.page\", \"pk\": 3}]", "revision": 3}, "model": "reversion.version", "pk": 3}, {"fields": {"format": "json", "object_repr": "Sponsor", "object_id": "2", "content_type": 25, "object_id_int": 2, "serialized_data": "[{\"fields\": {\"body\": \"SPONSOR TEST this\\r\\n=================\\r\\n    This is come content\", \"status\": 2, \"updated\": \"2015-03-12T21:34:24.986\", \"created\": \"2015-03-12T18:41:32.236Z\", \"_body_rendered\": \"<h1>SPONSOR TEST this</h1>\\n<pre><code>This is come content\\n</code></pre>\", \"title\": \"Sponsor\", \"publish_date\": \"2015-03-12T14:41:04-04:00\", \"path\": \"sponsor/\"}, \"model\": \"symposion_cms.page\", \"pk\": 2}]", "revision": 4}, "model": "reversion.version", "pk": 4}, {"fields": {"format": "json", "object_repr": "Sponsor", "object_id": "2", "content_type": 25, "object_id_int": 2, "serialized_data": "[{\"fields\": {\"body\": \"SPONSOR TEST this\\r\\n=================\\r\\n[Google](http://www.google.com \\\"Google\\\")\", \"status\": 2, \"updated\": \"2015-03-12T21:37:17.100\", \"created\": \"2015-03-12T18:41:32.236Z\", \"_body_rendered\": \"<h1>SPONSOR TEST this</h1>\\n<p><a href=\\\"http://www.google.com\\\" title=\\\"Google\\\">Google</a></p>\", \"title\": \"Sponsor\", \"publish_date\": \"2015-03-12T14:41:04-04:00\", \"path\": \"sponsor/\"}, \"model\": \"symposion_cms.page\", \"pk\": 2}]", "revision": 5}, "model": "reversion.version", "pk": 5}, {"fields": {"format": "json", "object_repr": "Sponsor", "object_id": "2", "content_type": 25, "object_id_int": 2, "serialized_data": "[{\"fields\": {\"body\": \"SPONSOR TEST this\\r\\n=================\\r\\n[Google](http://www.google.com \\\"Google\\\")\\r\\n\", \"status\": 2, \"updated\": \"2015-03-12T21:38:27.514\", \"created\": \"2015-03-12T18:41:32.236Z\", \"_body_rendered\": \"<h1>SPONSOR TEST this</h1>\\n<p><a href=\\\"http://www.google.com\\\" title=\\\"Google\\\">Google</a></p>\", \"title\": \"Sponsor\", \"publish_date\": \"2015-03-12T14:41:04-04:00\", \"path\": \"sponsor/\"}, \"model\": \"symposion_cms.page\", \"pk\": 2}]", "revision": 6}, "model": "reversion.version", "pk": 6}, {"fields": {"format": "json", "object_repr": "CFP", "object_id": "4", "content_type": 25, "object_id_int": 4, "serialized_data": "[{\"fields\": {\"body\": \"<p>\\r\\n    Proposals are now being accepted for PyData Seattle 2015. The event brings together analysts, scientists, developers, engineers, architects and others from the Python data science community to discuss new techniques and tools for management, analytics and visualization of data. Presentation content can be at a novice, intermediate or advanced level. Talks will run 30-40 min and hands-on tutorials will run 90-120 min.\\r\\n</p>\\r\\n<p>\\r\\n    As a reminder, PyData presentations are intended to share knowledge and experience. We welcome talks letting attendees know how how you are using tools in your work, but discourage any proposals with the aim of selling a product.\\r\\n</p>\\r\\n<p>\\r\\n    If you are interested in presenting a talk or tutorial, we encourage your submission(s). To see the type of topics presented at previous PyData events, please look at our past conference sites at <a href=\\\"http://pydata.org/\\\">pydata.org</a> or check out the videos on <a href=\\\"https://www.youtube.com/user/PyDataTV\\\">https://www.youtube.com/user/PyDataTV</a> or <a href=\\\"http://vimeo.com/pydata\\\">vimeo.com/pydata</a>.\\r\\n</p>\\r\\n<p>\\r\\n\\r\\n</p>\\r\\n<p>\\r\\n\\r\\n</p>\\r\\n\\r\\n<h3>How to Submit</h3>\\r\\n<p>\\r\\n    1. Register for an account on conf.pydata.org/seattle2015/<br />\\r\\n    2. Create a speaker profile.<br />\\r\\n    3. Click on \\\"Submit a new proposal.<br />\\r\\n</p>\\r\\n\\r\\n<p>\\r\\n    &nbsp;\\r\\n</p>\\r\\n<h5>Information</h5>\\r\\n<ul>\\r\\n    <li>Registration will be complimentary for speakers.</li>\\r\\n    <li>Any questions can be directed to admin@pydata.org.</li>\\r\\n    <li>Conference dates are July 24-26.</li>\\r\\n    <li>All proposals are due by <strong>May 4, 2015</strong>.</li>\\r\\n</ul>\", \"status\": 2, \"updated\": \"2015-03-12T21:43:46.549\", \"created\": \"2015-03-12T21:43:46.546\", \"_body_rendered\": \"<p>\\n    Proposals are now being accepted for PyData Seattle 2015. The event brings together analysts, scientists, developers, engineers, architects and others from the Python data science community to discuss new techniques and tools for management, analytics and visualization of data. Presentation content can be at a novice, intermediate or advanced level. Talks will run 30-40 min and hands-on tutorials will run 90-120 min.\\n</p>\\n\\n<p>\\n    As a reminder, PyData presentations are intended to share knowledge and experience. We welcome talks letting attendees know how how you are using tools in your work, but discourage any proposals with the aim of selling a product.\\n</p>\\n\\n<p>\\n    If you are interested in presenting a talk or tutorial, we encourage your submission(s). To see the type of topics presented at previous PyData events, please look at our past conference sites at <a href=\\\"http://pydata.org/\\\">pydata.org</a> or check out the videos on <a href=\\\"https://www.youtube.com/user/PyDataTV\\\">https://www.youtube.com/user/PyDataTV</a> or <a href=\\\"http://vimeo.com/pydata\\\">vimeo.com/pydata</a>.\\n</p>\\n\\n<p>\\n\\n</p>\\n\\n<p>\\n\\n</p>\\n\\n<h3>How to Submit</h3>\\n\\n<p>\\n    1. Register for an account on conf.pydata.org/seattle2015/<br/>\\n    2. Create a speaker profile.<br/>\\n    3. Click on \\\"Submit a new proposal.<br/>\\n</p>\\n\\n<p>\\n    \\u00a0\\n</p>\\n\\n<h5>Information</h5>\\n\\n<ul>\\n    <li>Registration will be complimentary for speakers.</li>\\n    <li>Any questions can be directed to admin@pydata.org.</li>\\n    <li>Conference dates are July 24-26.</li>\\n    <li>All proposals are due by <strong>May 4, 2015</strong>.</li>\\n</ul>\", \"title\": \"CFP\", \"publish_date\": \"2015-03-12T21:28:24-04:00\", \"path\": \"cfp/\"}, \"model\": \"symposion_cms.page\", \"pk\": 4}]", "revision": 7}, "model": "reversion.version", "pk": 7}, {"fields": {"format": "json", "object_repr": "CFP", "object_id": "4", "content_type": 25, "object_id_int": 4, "serialized_data": "[{\"fields\": {\"body\": \"<p>\\r\\n    Proposals are now being accepted for PyData Seattle 2015. The event brings together analysts, scientists, developers, engineers, architects and others from the Python data science community to discuss new techniques and tools for management, analytics and visualization of data. Presentation content can be at a novice, intermediate or advanced level. Talks will run 30-40 min and hands-on tutorials will run 90-120 min.\\r\\n</p>\\r\\n<p>\\r\\n    As a reminder, PyData presentations are intended to share knowledge and experience. We welcome talks letting attendees know how how you are using tools in your work, but discourage any proposals with the aim of selling a product.\\r\\n</p>\\r\\n<p>\\r\\n    If you are interested in presenting a talk or tutorial, we encourage your submission(s). To see the type of topics presented at previous PyData events, please look at our past conference sites at <a href=\\\"http://pydata.org/\\\">pydata.org</a> or check out the videos on <a href=\\\"https://www.youtube.com/user/PyDataTV\\\">https://www.youtube.com/user/PyDataTV</a> or <a href=\\\"http://vimeo.com/pydata\\\">vimeo.com/pydata</a>.\\r\\n</p>\\r\\n<p>\\r\\n\\r\\n</p>\\r\\n<p>\\r\\n\\r\\n</p>\\r\\n\\r\\n<h3>How to Submit</h3>\\r\\n<p>\\r\\n    1. Register for an account on conf.pydata.org/seattle2015/<br />\\r\\n    2. Create a speaker profile.<br />\\r\\n    3. Click on \\\"Submit a new proposal.<br />\\r\\n</p>\\r\\n\\r\\n<p>\\r\\n    &nbsp;\\r\\n</p>\\r\\n<h5>Information</h5>\\r\\n<ul>\\r\\n    <li>Registration will be complimentary for speakers.</li>\\r\\n    <li>Any questions can be directed to admin@pydata.org.</li>\\r\\n    <li>Conference dates are July 24-26.</li>\\r\\n    <li>All proposals are due by <strong>May 4, 2015</strong>.</li>\\r\\n</ul>\", \"status\": 2, \"updated\": \"2015-03-12T21:44:05.779\", \"created\": \"2015-03-13T01:43:46.546Z\", \"_body_rendered\": \"<p>\\n    Proposals are now being accepted for PyData Seattle 2015. The event brings together analysts, scientists, developers, engineers, architects and others from the Python data science community to discuss new techniques and tools for management, analytics and visualization of data. Presentation content can be at a novice, intermediate or advanced level. Talks will run 30-40 min and hands-on tutorials will run 90-120 min.\\n</p>\\n\\n<p>\\n    As a reminder, PyData presentations are intended to share knowledge and experience. We welcome talks letting attendees know how how you are using tools in your work, but discourage any proposals with the aim of selling a product.\\n</p>\\n\\n<p>\\n    If you are interested in presenting a talk or tutorial, we encourage your submission(s). To see the type of topics presented at previous PyData events, please look at our past conference sites at <a href=\\\"http://pydata.org/\\\">pydata.org</a> or check out the videos on <a href=\\\"https://www.youtube.com/user/PyDataTV\\\">https://www.youtube.com/user/PyDataTV</a> or <a href=\\\"http://vimeo.com/pydata\\\">vimeo.com/pydata</a>.\\n</p>\\n\\n<p>\\n\\n</p>\\n\\n<p>\\n\\n</p>\\n\\n<h3>How to Submit</h3>\\n\\n<p>\\n    1. Register for an account on conf.pydata.org/seattle2015/<br/>\\n    2. Create a speaker profile.<br/>\\n    3. Click on \\\"Submit a new proposal.<br/>\\n</p>\\n\\n<p>\\n    \\u00a0\\n</p>\\n\\n<h5>Information</h5>\\n\\n<ul>\\n    <li>Registration will be complimentary for speakers.</li>\\n    <li>Any questions can be directed to admin@pydata.org.</li>\\n    <li>Conference dates are July 24-26.</li>\\n    <li>All proposals are due by <strong>May 4, 2015</strong>.</li>\\n</ul>\", \"title\": \"CFP\", \"publish_date\": \"2015-03-13T01:28:24Z\", \"path\": \"cfp/\"}, \"model\": \"symposion_cms.page\", \"pk\": 4}]", "revision": 8}, "model": "reversion.version", "pk": 8}, {"fields": {"format": "json", "object_repr": "CFP", "object_id": "4", "content_type": 25, "object_id_int": 4, "serialized_data": "[{\"fields\": {\"body\": \"<p>\\r\\n    Proposals are now being accepted for PyData Seattle 2015. The event brings together analysts, scientists, developers, engineers, architects and others from the Python data science community to discuss new techniques and tools for management, analytics and visualization of data. Presentation content can be at a novice, intermediate or advanced level. Talks will run 30-40 min and hands-on tutorials will run 90-120 min.\\r\\n</p>\\r\\n<p>\\r\\n    As a reminder, PyData presentations are intended to share knowledge and experience. We welcome talks letting attendees know how how you are using tools in your work, but discourage any proposals with the aim of selling a product.\\r\\n</p>\\r\\n<p>\\r\\n    If you are interested in presenting a talk or tutorial, we encourage your submission(s). To see the type of topics presented at previous PyData events, please look at our past conference sites at <a href=\\\"http://pydata.org/\\\">pydata.org</a> or check out the videos on <a href=\\\"https://www.youtube.com/user/PyDataTV\\\">https://www.youtube.com/user/PyDataTV</a> or <a href=\\\"http://vimeo.com/pydata\\\">vimeo.com/pydata</a>.\\r\\n</p>\\r\\n<p>\\r\\n\\r\\n</p>\\r\\n<p>\\r\\n\\r\\n</p>\\r\\n\\r\\n<h3>How to Submit</h3>\\r\\n<p>\\r\\n    1. Register for an account on conf.pydata.org/seattle2015/<br />\\r\\n    2. Create a speaker profile.<br />\\r\\n    3. Click on \\\"Submit a new proposal.<br />\\r\\n</p>\\r\\n\\r\\n<p>\\r\\n    &nbsp;\\r\\n</p>\\r\\n<h5>Information</h5>\\r\\n<ul>\\r\\n    <li>Registration will be complimentary for speakers.</li>\\r\\n    <li>Any questions can be directed to admin@pydata.org.</li>\\r\\n    <li>Conference dates are July 24-26.</li>\\r\\n    <li>All proposals are due by <strong>May 4, 2015</strong>.</li>\\r\\n</ul>\", \"status\": 2, \"updated\": \"2015-03-12T21:45:48.181\", \"created\": \"2015-03-13T01:43:46.546Z\", \"_body_rendered\": \"<p>\\n    Proposals are now being accepted for PyData Seattle 2015. The event brings together analysts, scientists, developers, engineers, architects and others from the Python data science community to discuss new techniques and tools for management, analytics and visualization of data. Presentation content can be at a novice, intermediate or advanced level. Talks will run 30-40 min and hands-on tutorials will run 90-120 min.\\n</p>\\n\\n<p>\\n    As a reminder, PyData presentations are intended to share knowledge and experience. We welcome talks letting attendees know how how you are using tools in your work, but discourage any proposals with the aim of selling a product.\\n</p>\\n\\n<p>\\n    If you are interested in presenting a talk or tutorial, we encourage your submission(s). To see the type of topics presented at previous PyData events, please look at our past conference sites at <a href=\\\"http://pydata.org/\\\">pydata.org</a> or check out the videos on <a href=\\\"https://www.youtube.com/user/PyDataTV\\\">https://www.youtube.com/user/PyDataTV</a> or <a href=\\\"http://vimeo.com/pydata\\\">vimeo.com/pydata</a>.\\n</p>\\n\\n<p>\\n\\n</p>\\n\\n<p>\\n\\n</p>\\n\\n<h3>How to Submit</h3>\\n\\n<p>\\n    1. Register for an account on conf.pydata.org/seattle2015/<br/>\\n    2. Create a speaker profile.<br/>\\n    3. Click on \\\"Submit a new proposal.<br/>\\n</p>\\n\\n<p>\\n    \\u00a0\\n</p>\\n\\n<h5>Information</h5>\\n\\n<ul>\\n    <li>Registration will be complimentary for speakers.</li>\\n    <li>Any questions can be directed to admin@pydata.org.</li>\\n    <li>Conference dates are July 24-26.</li>\\n    <li>All proposals are due by <strong>May 4, 2015</strong>.</li>\\n</ul>\", \"title\": \"CFP\", \"publish_date\": \"2015-03-12T21:28:24-04:00\", \"path\": \"cfp/\"}, \"model\": \"symposion_cms.page\", \"pk\": 4}]", "revision": 9}, "model": "reversion.version", "pk": 9}, {"fields": {"format": "json", "object_repr": "CFPa", "object_id": "4", "content_type": 25, "object_id_int": 4, "serialized_data": "[{\"fields\": {\"body\": \"<p>\\r\\n    Proposals are now being accepted for PyData Seattle 2015. The event brings together analysts, scientists, developers, engineers, architects and others from the Python data science community to discuss new techniques and tools for management, analytics and visualization of data. Presentation content can be at a novice, intermediate or advanced level. Talks will run 30-40 min and hands-on tutorials will run 90-120 min.\\r\\n</p>\\r\\n<p>\\r\\n    As a reminder, PyData presentations are intended to share knowledge and experience. We welcome talks letting attendees know how how you are using tools in your work, but discourage any proposals with the aim of selling a product.\\r\\n</p>\\r\\n<p>\\r\\n    If you are interested in presenting a talk or tutorial, we encourage your submission(s). To see the type of topics presented at previous PyData events, please look at our past conference sites at <a href=\\\"http://pydata.org/\\\">pydata.org</a> or check out the videos on <a href=\\\"https://www.youtube.com/user/PyDataTV\\\">https://www.youtube.com/user/PyDataTV</a> or <a href=\\\"http://vimeo.com/pydata\\\">vimeo.com/pydata</a>.\\r\\n</p>\\r\\n<p>\\r\\n\\r\\n</p>\\r\\n<p>\\r\\n\\r\\n</p>\\r\\n\\r\\n<h3>How to Submit</h3>\\r\\n<p>\\r\\n    1. Register for an account on conf.pydata.org/seattle2015/<br />\\r\\n    2. Create a speaker profile.<br />\\r\\n    3. Click on \\\"Submit a new proposal.<br />\\r\\n</p>\\r\\n\\r\\n<p>\\r\\n    &nbsp;\\r\\n</p>\\r\\n<h5>Information</h5>\\r\\n<ul>\\r\\n    <li>Registration will be complimentary for speakers.</li>\\r\\n    <li>Any questions can be directed to admin@pydata.org.</li>\\r\\n    <li>Conference dates are July 24-26.</li>\\r\\n    <li>All proposals are due by <strong>May 4, 2015</strong>.</li>\\r\\n</ul>\", \"status\": 2, \"updated\": \"2015-03-12T21:49:23.471\", \"created\": \"2015-03-13T01:43:46.546Z\", \"_body_rendered\": \"<p>\\n    Proposals are now being accepted for PyData Seattle 2015. The event brings together analysts, scientists, developers, engineers, architects and others from the Python data science community to discuss new techniques and tools for management, analytics and visualization of data. Presentation content can be at a novice, intermediate or advanced level. Talks will run 30-40 min and hands-on tutorials will run 90-120 min.\\n</p>\\n\\n<p>\\n    As a reminder, PyData presentations are intended to share knowledge and experience. We welcome talks letting attendees know how how you are using tools in your work, but discourage any proposals with the aim of selling a product.\\n</p>\\n\\n<p>\\n    If you are interested in presenting a talk or tutorial, we encourage your submission(s). To see the type of topics presented at previous PyData events, please look at our past conference sites at <a href=\\\"http://pydata.org/\\\">pydata.org</a> or check out the videos on <a href=\\\"https://www.youtube.com/user/PyDataTV\\\">https://www.youtube.com/user/PyDataTV</a> or <a href=\\\"http://vimeo.com/pydata\\\">vimeo.com/pydata</a>.\\n</p>\\n\\n<p>\\n\\n</p>\\n\\n<p>\\n\\n</p>\\n\\n<h3>How to Submit</h3>\\n\\n<p>\\n    1. Register for an account on conf.pydata.org/seattle2015/<br/>\\n    2. Create a speaker profile.<br/>\\n    3. Click on \\\"Submit a new proposal.<br/>\\n</p>\\n\\n<p>\\n    \\u00a0\\n</p>\\n\\n<h5>Information</h5>\\n\\n<ul>\\n    <li>Registration will be complimentary for speakers.</li>\\n    <li>Any questions can be directed to admin@pydata.org.</li>\\n    <li>Conference dates are July 24-26.</li>\\n    <li>All proposals are due by <strong>May 4, 2015</strong>.</li>\\n</ul>\", \"title\": \"CFPa\", \"publish_date\": \"2015-03-12T21:28:24-04:00\", \"path\": \"cfp/\"}, \"model\": \"symposion_cms.page\", \"pk\": 4}]", "revision": 10}, "model": "reversion.version", "pk": 10}, {"fields": {"format": "json", "object_repr": "CFP", "object_id": "4", "content_type": 25, "object_id_int": 4, "serialized_data": "[{\"fields\": {\"body\": \"<p>\\r\\n    Proposals are now being accepted for PyData Seattle 2015. The event brings together analysts, scientists, developers, engineers, architects and others from the Python data science community to discuss new techniques and tools for management, analytics and visualization of data. Presentation content can be at a novice, intermediate or advanced level. Talks will run 30-40 min and hands-on tutorials will run 90-120 min.\\r\\n</p>\\r\\n<p>\\r\\n    As a reminder, PyData presentations are intended to share knowledge and experience. We welcome talks letting attendees know how how you are using tools in your work, but discourage any proposals with the aim of selling a product.\\r\\n</p>\\r\\n<p>\\r\\n    If you are interested in presenting a talk or tutorial, we encourage your submission(s). To see the type of topics presented at previous PyData events, please look at our past conference sites at <a href=\\\"http://pydata.org/\\\">pydata.org</a> or check out the videos on <a href=\\\"https://www.youtube.com/user/PyDataTV\\\">https://www.youtube.com/user/PyDataTV</a> or <a href=\\\"http://vimeo.com/pydata\\\">vimeo.com/pydata</a>.\\r\\n</p>\\r\\n<p>\\r\\n\\r\\n</p>\\r\\n<p>\\r\\n\\r\\n</p>\\r\\n\\r\\n<h3>How to Submit</h3>\\r\\n<p>\\r\\n    1. Register for an account on conf.pydata.org/seattle2015/<br />\\r\\n    2. Create a speaker profile.<br />\\r\\n    3. Click on \\\"Submit a new proposal.<br />\\r\\n</p>\\r\\n\\r\\n<p>\\r\\n    &nbsp;\\r\\n</p>\\r\\n<h5>Information</h5>\\r\\n<ul>\\r\\n    <li>Registration will be complimentary for speakers.</li>\\r\\n    <li>Any questions can be directed to admin@pydata.org.</li>\\r\\n    <li>Conference dates are July 24-26.</li>\\r\\n    <li>All proposals are due by <strong>May 4, 2015</strong>.</li>\\r\\n</ul>\", \"status\": 2, \"updated\": \"2015-03-12T21:52:36.456\", \"created\": \"2015-03-13T01:43:46.546Z\", \"_body_rendered\": \"<p>\\n    Proposals are now being accepted for PyData Seattle 2015. The event brings together analysts, scientists, developers, engineers, architects and others from the Python data science community to discuss new techniques and tools for management, analytics and visualization of data. Presentation content can be at a novice, intermediate or advanced level. Talks will run 30-40 min and hands-on tutorials will run 90-120 min.\\n</p>\\n\\n<p>\\n    As a reminder, PyData presentations are intended to share knowledge and experience. We welcome talks letting attendees know how how you are using tools in your work, but discourage any proposals with the aim of selling a product.\\n</p>\\n\\n<p>\\n    If you are interested in presenting a talk or tutorial, we encourage your submission(s). To see the type of topics presented at previous PyData events, please look at our past conference sites at <a href=\\\"http://pydata.org/\\\">pydata.org</a> or check out the videos on <a href=\\\"https://www.youtube.com/user/PyDataTV\\\">https://www.youtube.com/user/PyDataTV</a> or <a href=\\\"http://vimeo.com/pydata\\\">vimeo.com/pydata</a>.\\n</p>\\n\\n<p>\\n\\n</p>\\n\\n<p>\\n\\n</p>\\n\\n<h3>How to Submit</h3>\\n\\n<p>\\n    1. Register for an account on conf.pydata.org/seattle2015/<br/>\\n    2. Create a speaker profile.<br/>\\n    3. Click on \\\"Submit a new proposal.<br/>\\n</p>\\n\\n<p>\\n    \\u00a0\\n</p>\\n\\n<h5>Information</h5>\\n\\n<ul>\\n    <li>Registration will be complimentary for speakers.</li>\\n    <li>Any questions can be directed to admin@pydata.org.</li>\\n    <li>Conference dates are July 24-26.</li>\\n    <li>All proposals are due by <strong>May 4, 2015</strong>.</li>\\n</ul>\", \"title\": \"CFP\", \"publish_date\": \"2015-03-12T21:28:24-04:00\", \"path\": \"cfp/\"}, \"model\": \"symposion_cms.page\", \"pk\": 4}]", "revision": 11}, "model": "reversion.version", "pk": 11}, {"fields": {"format": "json", "object_repr": "CFP", "object_id": "4", "content_type": 25, "object_id_int": 4, "serialized_data": "[{\"fields\": {\"body\": \"<p>\\r\\n    Proposals are now being accepted for PyData Seattle 2015. The event brings together analysts, scientists, developers, engineers, architects and others from the Python data science community to discuss new techniques and tools for management, analytics and visualization of data. Presentation content can be at a novice, intermediate or advanced level. Talks will run 30-40 min and hands-on tutorials will run 90-120 min.\\r\\n</p>\\r\\n<p>\\r\\n    As a reminder, PyData presentations are intended to share knowledge and experience. We welcome talks letting attendees know how how you are using tools in your work, but discourage any proposals with the aim of selling a product.\\r\\n</p>\\r\\n<p>\\r\\n    If you are interested in presenting a talk or tutorial, we encourage your submission(s). To see the type of topics presented at previous PyData events, please look at our past conference sites at <a href=\\\"http://pydata.org/\\\">pydata.org</a> or check out the videos on <a href=\\\"https://www.youtube.com/user/PyDataTV\\\">https://www.youtube.com/user/PyDataTV</a> or <a href=\\\"http://vimeo.com/pydata\\\">vimeo.com/pydata</a>.\\r\\n</p>\\r\\n<p>\\r\\n\\r\\n</p>\\r\\n<p>\\r\\n\\r\\n</p>\\r\\n\\r\\n<h3>How to Submit</h3>\\r\\n<p>\\r\\n    1. Register for an account on conf.pydata.org/seattle2015/<br />\\r\\n    2. Create a speaker profile.<br />\\r\\n    3. Click on \\\"Submit a new proposal.<br />\\r\\n</p>\\r\\n\\r\\n<p>\\r\\n    &nbsp;\\r\\n</p>\\r\\n<h5>Information</h5>\\r\\n<ul>\\r\\n    <li>Registration will be complimentary for speakers.</li>\\r\\n    <li>Any questions can be directed to admin@pydata.org.</li>\\r\\n    <li>Conference dates are July 24-26.</li>\\r\\n    <li>All proposals are due by <strong>May 4, 2015</strong>.</li>\\r\\n</ul>\", \"status\": 2, \"updated\": \"2015-03-12T22:04:26.765\", \"created\": \"2015-03-13T01:43:46.546Z\", \"_body_rendered\": \"<p>\\n    Proposals are now being accepted for PyData Seattle 2015. The event brings together analysts, scientists, developers, engineers, architects and others from the Python data science community to discuss new techniques and tools for management, analytics and visualization of data. Presentation content can be at a novice, intermediate or advanced level. Talks will run 30-40 min and hands-on tutorials will run 90-120 min.\\n</p>\\n\\n<p>\\n    As a reminder, PyData presentations are intended to share knowledge and experience. We welcome talks letting attendees know how how you are using tools in your work, but discourage any proposals with the aim of selling a product.\\n</p>\\n\\n<p>\\n    If you are interested in presenting a talk or tutorial, we encourage your submission(s). To see the type of topics presented at previous PyData events, please look at our past conference sites at <a href=\\\"http://pydata.org/\\\">pydata.org</a> or check out the videos on <a href=\\\"https://www.youtube.com/user/PyDataTV\\\">https://www.youtube.com/user/PyDataTV</a> or <a href=\\\"http://vimeo.com/pydata\\\">vimeo.com/pydata</a>.\\n</p>\\n\\n<p>\\n\\n</p>\\n\\n<p>\\n\\n</p>\\n\\n<h3>How to Submit</h3>\\n\\n<p>\\n    1. Register for an account on conf.pydata.org/seattle2015/<br/>\\n    2. Create a speaker profile.<br/>\\n    3. Click on \\\"Submit a new proposal.<br/>\\n</p>\\n\\n<p>\\n    \\u00a0\\n</p>\\n\\n<h5>Information</h5>\\n\\n<ul>\\n    <li>Registration will be complimentary for speakers.</li>\\n    <li>Any questions can be directed to admin@pydata.org.</li>\\n    <li>Conference dates are July 24-26.</li>\\n    <li>All proposals are due by <strong>May 4, 2015</strong>.</li>\\n</ul>\", \"title\": \"CFP\", \"publish_date\": \"2015-03-12T21:28:24-04:00\", \"path\": \"cfp/\"}, \"model\": \"symposion_cms.page\", \"pk\": 4}]", "revision": 12}, "model": "reversion.version", "pk": 12}, {"fields": {"format": "json", "object_repr": "Venue", "object_id": "1", "content_type": 25, "object_id_int": 1, "serialized_data": "[{\"fields\": {\"body\": \"Microsoft\", \"status\": 2, \"updated\": \"2015-03-13T10:54:28.036\", \"created\": \"2015-03-12T18:40:15.653Z\", \"_body_rendered\": \"<p>Microsoft</p>\", \"title\": \"Venue\", \"publish_date\": \"2015-03-12T18:40:15.653Z\", \"path\": \"venue/\"}, \"model\": \"symposion_cms.page\", \"pk\": 1}]", "revision": 13}, "model": "reversion.version", "pk": 13}, {"fields": {"format": "json", "object_repr": "CFP", "object_id": "5", "content_type": 25, "object_id_int": 5, "serialized_data": "[{\"fields\": {\"body\": \"<p>\\r\\n    Proposals are now being accepted for PyData Seattle 2015. The event brings together analysts, scientists, developers, engineers, architects and others from the Python data science community to discuss new techniques and tools for management, analytics and visualization of data. Presentation content can be at a novice, intermediate or advanced level. Talks will run 30-40 min and hands-on tutorials will run 90-120 min.\\r\\n</p>\\r\\n<p>\\r\\nAs a reminder, PyData presentations are intended to share knowledge and experience. We welcome talks letting attendees know how how you are using tools in your work,  but discourage any proposals with the aim of selling a product.\\r\\n</p>\\r\\n<p>\\r\\n    If you are interested in presenting a talk or tutorial, we encourage your submission(s). To see the type of topics presented at previous PyData events, please look at our past conference sites at <a href=\\\"http://pydata.org/\\\">pydata.org</a> or check out the videos on <a href=\\\"https://www.youtube.com/user/PyDataTV\\\">https://www.youtube.com/user/PyDataTV</a> or <a href=\\\"http://vimeo.com/pydata\\\">vimeo.com/pydata</a>.\\r\\n</p>\\r\\n<p>\\r\\n\\r\\n</p>\\r\\n<p>\\r\\n\\r\\n</p>\\r\\n\\r\\n<h3>How to Submit</h3>\\r\\n<p>\\r\\n    1. Register for an account on conf.pydata.org/seattle2015/<br />\\r\\n    2. Create a speaker profile.<br />\\r\\n    3. Click on \\\"Submit a new proposal.<br />\\r\\n</p>\\r\\n\\r\\n<p>\\r\\n    &nbsp;\\r\\n</p>\\r\\n<h5>Information</h5>\\r\\n<ul>\\r\\n    <li>Registration will be complimentary for speakers.</li>\\r\\n    <li>Any questions can be directed to admin@pydata.org.</li>\\r\\n    <li>Conference dates are July 24-26.</li>\\r\\n    <li>All proposals are due by <strong>May 4, 2015</strong>.</li>\\r\\n</ul>\\r\\n\", \"status\": 2, \"updated\": \"2015-03-13T10:56:53.637\", \"created\": \"2015-03-13T10:56:53.634\", \"_body_rendered\": \"<p>\\n    Proposals are now being accepted for PyData Seattle 2015. The event brings together analysts, scientists, developers, engineers, architects and others from the Python data science community to discuss new techniques and tools for management, analytics and visualization of data. Presentation content can be at a novice, intermediate or advanced level. Talks will run 30-40 min and hands-on tutorials will run 90-120 min.\\n</p>\\n\\n<p>\\nAs a reminder, PyData presentations are intended to share knowledge and experience. We welcome talks letting attendees know how how you are using tools in your work,  but discourage any proposals with the aim of selling a product.\\n</p>\\n\\n<p>\\n    If you are interested in presenting a talk or tutorial, we encourage your submission(s). To see the type of topics presented at previous PyData events, please look at our past conference sites at <a href=\\\"http://pydata.org/\\\">pydata.org</a> or check out the videos on <a href=\\\"https://www.youtube.com/user/PyDataTV\\\">https://www.youtube.com/user/PyDataTV</a> or <a href=\\\"http://vimeo.com/pydata\\\">vimeo.com/pydata</a>.\\n</p>\\n\\n<p>\\n\\n</p>\\n\\n<p>\\n\\n</p>\\n\\n<h3>How to Submit</h3>\\n\\n<p>\\n    1. Register for an account on conf.pydata.org/seattle2015/<br/>\\n    2. Create a speaker profile.<br/>\\n    3. Click on \\\"Submit a new proposal.<br/>\\n</p>\\n\\n<p>\\n    \\u00a0\\n</p>\\n\\n<h5>Information</h5>\\n\\n<ul>\\n    <li>Registration will be complimentary for speakers.</li>\\n    <li>Any questions can be directed to admin@pydata.org.</li>\\n    <li>Conference dates are July 24-26.</li>\\n    <li>All proposals are due by <strong>May 4, 2015</strong>.</li>\\n</ul>\", \"title\": \"CFP\", \"publish_date\": \"2015-03-13T10:56:53.634\", \"path\": \"venue/cfp/\"}, \"model\": \"symposion_cms.page\", \"pk\": 5}]", "revision": 14}, "model": "reversion.version", "pk": 14}, {"fields": {"format": "json", "object_repr": "Call For Proposals", "object_id": "5", "content_type": 25, "object_id_int": 5, "serialized_data": "[{\"fields\": {\"body\": \"<p>\\r\\n    Proposals are now being accepted for PyData Seattle 2015. The event brings together analysts, scientists, developers, engineers, architects and others from the Python data science community to discuss new techniques and tools for management, analytics and visualization of data. Presentation content can be at a novice, intermediate or advanced level. Talks will run 30-40 min and hands-on tutorials will run 90-120 min.\\r\\n</p>\\r\\n<p>\\r\\nAs a reminder, PyData presentations are intended to share knowledge and experience. We welcome talks letting attendees know how how you are using tools in your work,  but discourage any proposals with the aim of selling a product.\\r\\n</p>\\r\\n<p>\\r\\n    If you are interested in presenting a talk or tutorial, we encourage your submission(s). To see the type of topics presented at previous PyData events, please look at our past conference sites at <a href=\\\"http://pydata.org/\\\">pydata.org</a> or check out the videos on <a href=\\\"https://www.youtube.com/user/PyDataTV\\\">https://www.youtube.com/user/PyDataTV</a> or <a href=\\\"http://vimeo.com/pydata\\\">vimeo.com/pydata</a>.\\r\\n</p>\\r\\n<p>\\r\\n\\r\\n</p>\\r\\n<p>\\r\\n\\r\\n</p>\\r\\n\\r\\n<h3>How to Submit</h3>\\r\\n<p>\\r\\n    1. Register for an account on conf.pydata.org/seattle2015/<br />\\r\\n    2. Create a speaker profile.<br />\\r\\n    3. Click on \\\"Submit a new proposal.<br />\\r\\n</p>\\r\\n\\r\\n<p>\\r\\n    &nbsp;\\r\\n</p>\\r\\n<h5>Information</h5>\\r\\n<ul>\\r\\n    <li>Registration will be complimentary for speakers.</li>\\r\\n    <li>Any questions can be directed to admin@pydata.org.</li>\\r\\n    <li>Conference dates are July 24-26.</li>\\r\\n    <li>All proposals are due by <strong>May 4, 2015</strong>.</li>\\r\\n</ul>\\r\\n\", \"status\": 2, \"updated\": \"2015-03-13T11:04:05.499\", \"created\": \"2015-03-13T14:56:53.634Z\", \"_body_rendered\": \"<p>\\n    Proposals are now being accepted for PyData Seattle 2015. The event brings together analysts, scientists, developers, engineers, architects and others from the Python data science community to discuss new techniques and tools for management, analytics and visualization of data. Presentation content can be at a novice, intermediate or advanced level. Talks will run 30-40 min and hands-on tutorials will run 90-120 min.\\n</p>\\n\\n<p>\\nAs a reminder, PyData presentations are intended to share knowledge and experience. We welcome talks letting attendees know how how you are using tools in your work,  but discourage any proposals with the aim of selling a product.\\n</p>\\n\\n<p>\\n    If you are interested in presenting a talk or tutorial, we encourage your submission(s). To see the type of topics presented at previous PyData events, please look at our past conference sites at <a href=\\\"http://pydata.org/\\\">pydata.org</a> or check out the videos on <a href=\\\"https://www.youtube.com/user/PyDataTV\\\">https://www.youtube.com/user/PyDataTV</a> or <a href=\\\"http://vimeo.com/pydata\\\">vimeo.com/pydata</a>.\\n</p>\\n\\n<p>\\n\\n</p>\\n\\n<p>\\n\\n</p>\\n\\n<h3>How to Submit</h3>\\n\\n<p>\\n    1. Register for an account on conf.pydata.org/seattle2015/<br/>\\n    2. Create a speaker profile.<br/>\\n    3. Click on \\\"Submit a new proposal.<br/>\\n</p>\\n\\n<p>\\n    \\u00a0\\n</p>\\n\\n<h5>Information</h5>\\n\\n<ul>\\n    <li>Registration will be complimentary for speakers.</li>\\n    <li>Any questions can be directed to admin@pydata.org.</li>\\n    <li>Conference dates are July 24-26.</li>\\n    <li>All proposals are due by <strong>May 4, 2015</strong>.</li>\\n</ul>\", \"title\": \"Call For Proposals\", \"publish_date\": \"2015-03-13T14:56:53.634Z\", \"path\": \"venue/cfp/\"}, \"model\": \"symposion_cms.page\", \"pk\": 5}]", "revision": 15}, "model": "reversion.version", "pk": 15}, {"fields": {"format": "json", "object_repr": "Call For Proposals", "object_id": "5", "content_type": 25, "object_id_int": 5, "serialized_data": "[{\"fields\": {\"body\": \"<p>\\r\\n    Proposals are now being accepted for PyData Seattle 2015. The event brings together analysts, scientists, developers, engineers, architects and others from the Python data science community to discuss new techniques and tools for management, analytics and visualization of data. Presentation content can be at a novice, intermediate or advanced level. Talks will run 30-40 min and hands-on tutorials will run 90-120 min.\\r\\n</p>\\r\\n<p>\\r\\nAs a reminder, PyData presentations are intended to share knowledge and experience. We welcome talks letting attendees know how how you are using tools in your work,  but discourage any proposals with the aim of selling a product.\\r\\n</p>\\r\\n<p>\\r\\n    If you are interested in presenting a talk or tutorial, we encourage your submission(s). To see the type of topics presented at previous PyData events, please look at our past conference sites at <a href=\\\"http://pydata.org/\\\">pydata.org</a> or check out the videos on <a href=\\\"https://www.youtube.com/user/PyDataTV\\\">https://www.youtube.com/user/PyDataTV</a> or <a href=\\\"http://vimeo.com/pydata\\\">vimeo.com/pydata</a>.\\r\\n</p>\\r\\n<p>\\r\\n\\r\\n</p>\\r\\n<p>\\r\\n\\r\\n</p>\\r\\n\\r\\n<h3>How to Submit</h3>\\r\\n<p>\\r\\n    1. Register for an account on conf.pydata.org/seattle2015/<br />\\r\\n    2. Create a speaker profile.<br />\\r\\n    3. Click on \\\"Submit a new proposal.<br />\\r\\n</p>\\r\\n\\r\\n<p>\\r\\n    &nbsp;\\r\\n</p>\\r\\n<h5>Information</h5>\\r\\n<ul>\\r\\n    <li>Registration will be complimentary for speakers.</li>\\r\\n    <li>Any questions can be directed to admin@pydata.org.</li>\\r\\n    <li>Conference dates are July 24-26.</li>\\r\\n    <li>All proposals are due by <strong>May 4, 2015</strong>.</li>\\r\\n</ul>\\r\\n\", \"status\": 2, \"updated\": \"2015-03-13T11:07:15.062\", \"created\": \"2015-03-13T14:56:53.634Z\", \"_body_rendered\": \"<p>\\n    Proposals are now being accepted for PyData Seattle 2015. The event brings together analysts, scientists, developers, engineers, architects and others from the Python data science community to discuss new techniques and tools for management, analytics and visualization of data. Presentation content can be at a novice, intermediate or advanced level. Talks will run 30-40 min and hands-on tutorials will run 90-120 min.\\n</p>\\n\\n<p>\\nAs a reminder, PyData presentations are intended to share knowledge and experience. We welcome talks letting attendees know how how you are using tools in your work,  but discourage any proposals with the aim of selling a product.\\n</p>\\n\\n<p>\\n    If you are interested in presenting a talk or tutorial, we encourage your submission(s). To see the type of topics presented at previous PyData events, please look at our past conference sites at <a href=\\\"http://pydata.org/\\\">pydata.org</a> or check out the videos on <a href=\\\"https://www.youtube.com/user/PyDataTV\\\">https://www.youtube.com/user/PyDataTV</a> or <a href=\\\"http://vimeo.com/pydata\\\">vimeo.com/pydata</a>.\\n</p>\\n\\n<p>\\n\\n</p>\\n\\n<p>\\n\\n</p>\\n\\n<h3>How to Submit</h3>\\n\\n<p>\\n    1. Register for an account on conf.pydata.org/seattle2015/<br/>\\n    2. Create a speaker profile.<br/>\\n    3. Click on \\\"Submit a new proposal.<br/>\\n</p>\\n\\n<p>\\n    \\u00a0\\n</p>\\n\\n<h5>Information</h5>\\n\\n<ul>\\n    <li>Registration will be complimentary for speakers.</li>\\n    <li>Any questions can be directed to admin@pydata.org.</li>\\n    <li>Conference dates are July 24-26.</li>\\n    <li>All proposals are due by <strong>May 4, 2015</strong>.</li>\\n</ul>\", \"title\": \"Call For Proposals\", \"publish_date\": \"2015-03-13T10:56:53-04:00\", \"path\": \"cfp/\"}, \"model\": \"symposion_cms.page\", \"pk\": 5}]", "revision": 16}, "model": "reversion.version", "pk": 16}, {"fields": {"format": "json", "object_repr": "Call For Proposals", "object_id": "5", "content_type": 25, "object_id_int": 5, "serialized_data": "[{\"fields\": {\"body\": \"<p>\\r\\n    Proposals are now being accepted for PyData Seattle 2015. The event brings together analysts, scientists, developers, engineers, architects and others from the Python data science community to discuss new techniques and tools for management, analytics and visualization of data. Presentation content can be at a novice, intermediate or advanced level. Talks will run 30-40 min and hands-on tutorials will run 90-120 min.\\r\\n</p>\\r\\n<p>\\r\\nAs a reminder, PyData presentations are intended to share knowledge and experience. We welcome talks letting attendees know how how you are using tools in your work,  but discourage any proposals with the aim of selling a product.\\r\\n</p>\\r\\n<p>\\r\\n    If you are interested in presenting a talk or tutorial, we encourage your submission(s). To see the type of topics presented at previous PyData events, please look at our past conference sites at <a href=\\\"http://pydata.org/\\\">pydata.org</a> or check out the videos on <a href=\\\"https://www.youtube.com/user/PyDataTV\\\">https://www.youtube.com/user/PyDataTV</a> or <a href=\\\"http://vimeo.com/pydata\\\">vimeo.com/pydata</a>.\\r\\n</p>\\r\\n<p>\\r\\n\\r\\n</p>\\r\\n<p>\\r\\n\\r\\n</p>\\r\\n\\r\\n<h3>How to Submit</h3>\\r\\n<p>\\r\\n    1. Register for an account on conf.pydata.org/seattle2015/<br />\\r\\n    2. Create a speaker profile.<br />\\r\\n    3. Click on \\\"Submit a new proposal.<br />\\r\\n</p>\\r\\n\\r\\n<p>\\r\\n    &nbsp;\\r\\n</p>\\r\\n<h5>Information</h5>\\r\\n<ul>\\r\\n    <li>Registration will be complimentary for speakers.</li>\\r\\n    <li>Any questions can be directed to admin@pydata.org.</li>\\r\\n    <li>Conference dates are July 24-26.</li>\\r\\n    <li>All proposals are due by <strong>May 4, 2015</strong>.</li>\\r\\n</ul>\\r\\n\", \"status\": 2, \"updated\": \"2015-03-13T11:07:48.040\", \"created\": \"2015-03-13T14:56:53.634Z\", \"_body_rendered\": \"<p>\\n    Proposals are now being accepted for PyData Seattle 2015. The event brings together analysts, scientists, developers, engineers, architects and others from the Python data science community to discuss new techniques and tools for management, analytics and visualization of data. Presentation content can be at a novice, intermediate or advanced level. Talks will run 30-40 min and hands-on tutorials will run 90-120 min.\\n</p>\\n\\n<p>\\nAs a reminder, PyData presentations are intended to share knowledge and experience. We welcome talks letting attendees know how how you are using tools in your work,  but discourage any proposals with the aim of selling a product.\\n</p>\\n\\n<p>\\n    If you are interested in presenting a talk or tutorial, we encourage your submission(s). To see the type of topics presented at previous PyData events, please look at our past conference sites at <a href=\\\"http://pydata.org/\\\">pydata.org</a> or check out the videos on <a href=\\\"https://www.youtube.com/user/PyDataTV\\\">https://www.youtube.com/user/PyDataTV</a> or <a href=\\\"http://vimeo.com/pydata\\\">vimeo.com/pydata</a>.\\n</p>\\n\\n<p>\\n\\n</p>\\n\\n<p>\\n\\n</p>\\n\\n<h3>How to Submit</h3>\\n\\n<p>\\n    1. Register for an account on conf.pydata.org/seattle2015/<br/>\\n    2. Create a speaker profile.<br/>\\n    3. Click on \\\"Submit a new proposal.<br/>\\n</p>\\n\\n<p>\\n    \\u00a0\\n</p>\\n\\n<h5>Information</h5>\\n\\n<ul>\\n    <li>Registration will be complimentary for speakers.</li>\\n    <li>Any questions can be directed to admin@pydata.org.</li>\\n    <li>Conference dates are July 24-26.</li>\\n    <li>All proposals are due by <strong>May 4, 2015</strong>.</li>\\n</ul>\", \"title\": \"Call For Proposals\", \"publish_date\": \"2015-03-13T10:56:53-04:00\", \"path\": \"venue/cfp/\"}, \"model\": \"symposion_cms.page\", \"pk\": 5}]", "revision": 17}, "model": "reversion.version", "pk": 17}, {"fields": {"format": "json", "object_repr": "Call For Proposals", "object_id": "5", "content_type": 25, "object_id_int": 5, "serialized_data": "[{\"fields\": {\"body\": \"<p>\\r\\n    Proposals are now being accepted for PyData Seattle 2015. The event brings together analysts, scientists, developers, engineers, architects and others from the Python data science community to discuss new techniques and tools for management, analytics and visualization of data. Presentation content can be at a novice, intermediate or advanced level. Talks will run 30-40 min and hands-on tutorials will run 90-120 min.\\r\\n</p>\\r\\n<p>\\r\\nAs a reminder, PyData presentations are intended to share knowledge and experience. We welcome talks letting attendees know how how you are using tools in your work,  but discourage any proposals with the aim of selling a product.\\r\\n</p>\\r\\n<p>\\r\\n    If you are interested in presenting a talk or tutorial, we encourage your submission(s). To see the type of topics presented at previous PyData events, please look at our past conference sites at <a href=\\\"http://pydata.org/\\\">pydata.org</a> or check out the videos on <a href=\\\"https://www.youtube.com/user/PyDataTV\\\">https://www.youtube.com/user/PyDataTV</a> or <a href=\\\"http://vimeo.com/pydata\\\">vimeo.com/pydata</a>.\\r\\n</p>\\r\\n<p>\\r\\n\\r\\n</p>\\r\\n<p>\\r\\n\\r\\n</p>\\r\\n\\r\\n<h3>How to Submit</h3>\\r\\n<p>\\r\\n    1. Register for an account on conf.pydata.org/seattle2015/<br />\\r\\n    2. Create a speaker profile.<br />\\r\\n    3. Click on \\\"Submit a new proposal.<br />\\r\\n</p>\\r\\n\\r\\n<p>\\r\\n    &nbsp;\\r\\n</p>\\r\\n<h5>Information</h5>\\r\\n<ul>\\r\\n    <li>Registration will be complimentary for speakers.</li>\\r\\n    <li>Any questions can be directed to admin@pydata.org.</li>\\r\\n    <li>Conference dates are July 24-26.</li>\\r\\n    <li>All proposals are due by <strong>May 4, 2015</strong>.</li>\\r\\n</ul>\\r\\n\", \"status\": 2, \"updated\": \"2015-03-13T11:10:57.367\", \"created\": \"2015-03-13T14:56:53.634Z\", \"_body_rendered\": \"<p>\\n    Proposals are now being accepted for PyData Seattle 2015. The event brings together analysts, scientists, developers, engineers, architects and others from the Python data science community to discuss new techniques and tools for management, analytics and visualization of data. Presentation content can be at a novice, intermediate or advanced level. Talks will run 30-40 min and hands-on tutorials will run 90-120 min.\\n</p>\\n\\n<p>\\nAs a reminder, PyData presentations are intended to share knowledge and experience. We welcome talks letting attendees know how how you are using tools in your work,  but discourage any proposals with the aim of selling a product.\\n</p>\\n\\n<p>\\n    If you are interested in presenting a talk or tutorial, we encourage your submission(s). To see the type of topics presented at previous PyData events, please look at our past conference sites at <a href=\\\"http://pydata.org/\\\">pydata.org</a> or check out the videos on <a href=\\\"https://www.youtube.com/user/PyDataTV\\\">https://www.youtube.com/user/PyDataTV</a> or <a href=\\\"http://vimeo.com/pydata\\\">vimeo.com/pydata</a>.\\n</p>\\n\\n<p>\\n\\n</p>\\n\\n<p>\\n\\n</p>\\n\\n<h3>How to Submit</h3>\\n\\n<p>\\n    1. Register for an account on conf.pydata.org/seattle2015/<br/>\\n    2. Create a speaker profile.<br/>\\n    3. Click on \\\"Submit a new proposal.<br/>\\n</p>\\n\\n<p>\\n    \\u00a0\\n</p>\\n\\n<h5>Information</h5>\\n\\n<ul>\\n    <li>Registration will be complimentary for speakers.</li>\\n    <li>Any questions can be directed to admin@pydata.org.</li>\\n    <li>Conference dates are July 24-26.</li>\\n    <li>All proposals are due by <strong>May 4, 2015</strong>.</li>\\n</ul>\", \"title\": \"Call For Proposals\", \"publish_date\": \"2015-03-13T10:56:53-04:00\", \"path\": \"venue/cfp/\"}, \"model\": \"symposion_cms.page\", \"pk\": 5}]", "revision": 18}, "model": "reversion.version", "pk": 18}, {"fields": {"format": "json", "object_repr": "Call For Proposals", "object_id": "5", "content_type": 25, "object_id_int": 5, "serialized_data": "[{\"fields\": {\"body\": \"<p>\\r\\n    Proposals are now being accepted for PyData Seattle 2015. The event brings together analysts, scientists, developers, engineers, architects and others from the Python data science community to discuss new techniques and tools for management, analytics and visualization of data. Presentation content can be at a novice, intermediate or advanced level. Talks will run 30-40 min and hands-on tutorials will run 90-120 min.\\r\\n</p>\\r\\n<p>\\r\\nAs a reminder, PyData presentations are intended to share knowledge and experience. We welcome talks letting attendees know how how you are using tools in your work,  but discourage any proposals with the aim of selling a product.\\r\\n</p>\\r\\n<p>\\r\\n    If you are interested in presenting a talk or tutorial, we encourage your submission(s). To see the type of topics presented at previous PyData events, please look at our past conference sites at <a href=\\\"http://pydata.org/\\\">pydata.org</a> or check out the videos on <a href=\\\"https://www.youtube.com/user/PyDataTV\\\">https://www.youtube.com/user/PyDataTV</a> or <a href=\\\"http://vimeo.com/pydata\\\">vimeo.com/pydata</a>.\\r\\n</p>\\r\\n<p>\\r\\n\\r\\n</p>\\r\\n<p>\\r\\n\\r\\n</p>\\r\\n\\r\\n<h3>How to Submit</h3>\\r\\n<p>\\r\\n    1. Register for an account on conf.pydata.org/seattle2015/<br />\\r\\n    2. Create a speaker profile.<br />\\r\\n    3. Click on \\\"Submit a new proposal.<br />\\r\\n</p>\\r\\n\\r\\n<p>\\r\\n    &nbsp;\\r\\n</p>\\r\\n<h5>Information</h5>\\r\\n<ul>\\r\\n    <li>Registration will be complimentary for speakers.</li>\\r\\n    <li>Any questions can be directed to admin@pydata.org.</li>\\r\\n    <li>Conference dates are July 24-26.</li>\\r\\n    <li>All proposals are due by <strong>May 4, 2015</strong>.</li>\\r\\n</ul>\\r\\n\", \"status\": 2, \"updated\": \"2015-03-13T11:11:16.502\", \"created\": \"2015-03-13T14:56:53.634Z\", \"_body_rendered\": \"<p>\\n    Proposals are now being accepted for PyData Seattle 2015. The event brings together analysts, scientists, developers, engineers, architects and others from the Python data science community to discuss new techniques and tools for management, analytics and visualization of data. Presentation content can be at a novice, intermediate or advanced level. Talks will run 30-40 min and hands-on tutorials will run 90-120 min.\\n</p>\\n\\n<p>\\nAs a reminder, PyData presentations are intended to share knowledge and experience. We welcome talks letting attendees know how how you are using tools in your work,  but discourage any proposals with the aim of selling a product.\\n</p>\\n\\n<p>\\n    If you are interested in presenting a talk or tutorial, we encourage your submission(s). To see the type of topics presented at previous PyData events, please look at our past conference sites at <a href=\\\"http://pydata.org/\\\">pydata.org</a> or check out the videos on <a href=\\\"https://www.youtube.com/user/PyDataTV\\\">https://www.youtube.com/user/PyDataTV</a> or <a href=\\\"http://vimeo.com/pydata\\\">vimeo.com/pydata</a>.\\n</p>\\n\\n<p>\\n\\n</p>\\n\\n<p>\\n\\n</p>\\n\\n<h3>How to Submit</h3>\\n\\n<p>\\n    1. Register for an account on conf.pydata.org/seattle2015/<br/>\\n    2. Create a speaker profile.<br/>\\n    3. Click on \\\"Submit a new proposal.<br/>\\n</p>\\n\\n<p>\\n    \\u00a0\\n</p>\\n\\n<h5>Information</h5>\\n\\n<ul>\\n    <li>Registration will be complimentary for speakers.</li>\\n    <li>Any questions can be directed to admin@pydata.org.</li>\\n    <li>Conference dates are July 24-26.</li>\\n    <li>All proposals are due by <strong>May 4, 2015</strong>.</li>\\n</ul>\", \"title\": \"Call For Proposals\", \"publish_date\": \"2015-03-13T10:56:53-04:00\", \"path\": \"venue/cfp/\"}, \"model\": \"symposion_cms.page\", \"pk\": 5}]", "revision": 19}, "model": "reversion.version", "pk": 19}, {"fields": {"format": "json", "object_repr": "Call for Propossals", "object_id": "6", "content_type": 25, "object_id_int": 6, "serialized_data": "[{\"fields\": {\"body\": \"<p>\\r\\n    Proposals are now being accepted for PyData Seattle 2015. The event brings together analysts, scientists, developers, engineers, architects and others from the Python data science community to discuss new techniques and tools for management, analytics and visualization of data. Presentation content can be at a novice, intermediate or advanced level. Talks will run 30-40 min and hands-on tutorials will run 90-120 min.\\r\\n</p>\\r\\n<p>\\r\\nAs a reminder, PyData presentations are intended to share knowledge and experience. We welcome talks letting attendees know how how you are using tools in your work,  but discourage any proposals with the aim of selling a product.\\r\\n</p>\\r\\n<p>\\r\\n    If you are interested in presenting a talk or tutorial, we encourage your submission(s). To see the type of topics presented at previous PyData events, please look at our past conference sites at <a href=\\\"http://pydata.org/\\\">pydata.org</a> or check out the videos on <a href=\\\"https://www.youtube.com/user/PyDataTV\\\">https://www.youtube.com/user/PyDataTV</a> or <a href=\\\"http://vimeo.com/pydata\\\">vimeo.com/pydata</a>.\\r\\n</p>\\r\\n<p>\\r\\n\\r\\n</p>\\r\\n<p>\\r\\n\\r\\n</p>\\r\\n\\r\\n<h3>How to Submit</h3>\\r\\n<p>\\r\\n    1. Register for an account on conf.pydata.org/seattle2015/<br />\\r\\n    2. Create a speaker profile.<br />\\r\\n    3. Click on \\\"Submit a new proposal.<br />\\r\\n</p>\\r\\n\\r\\n<p>\\r\\n    &nbsp;\\r\\n</p>\\r\\n<h5>Information</h5>\\r\\n<ul>\\r\\n    <li>Registration will be complimentary for speakers.</li>\\r\\n    <li>Any questions can be directed to admin@pydata.org.</li>\\r\\n    <li>Conference dates are July 24-26.</li>\\r\\n    <li>All proposals are due by <strong>May 4, 2015</strong>.</li>\\r\\n</ul>\\r\\n\", \"status\": 2, \"updated\": \"2015-03-13T11:11:57.739\", \"created\": \"2015-03-13T11:11:57.737\", \"_body_rendered\": \"<p>\\n    Proposals are now being accepted for PyData Seattle 2015. The event brings together analysts, scientists, developers, engineers, architects and others from the Python data science community to discuss new techniques and tools for management, analytics and visualization of data. Presentation content can be at a novice, intermediate or advanced level. Talks will run 30-40 min and hands-on tutorials will run 90-120 min.\\n</p>\\n\\n<p>\\nAs a reminder, PyData presentations are intended to share knowledge and experience. We welcome talks letting attendees know how how you are using tools in your work,  but discourage any proposals with the aim of selling a product.\\n</p>\\n\\n<p>\\n    If you are interested in presenting a talk or tutorial, we encourage your submission(s). To see the type of topics presented at previous PyData events, please look at our past conference sites at <a href=\\\"http://pydata.org/\\\">pydata.org</a> or check out the videos on <a href=\\\"https://www.youtube.com/user/PyDataTV\\\">https://www.youtube.com/user/PyDataTV</a> or <a href=\\\"http://vimeo.com/pydata\\\">vimeo.com/pydata</a>.\\n</p>\\n\\n<p>\\n\\n</p>\\n\\n<p>\\n\\n</p>\\n\\n<h3>How to Submit</h3>\\n\\n<p>\\n    1. Register for an account on conf.pydata.org/seattle2015/<br/>\\n    2. Create a speaker profile.<br/>\\n    3. Click on \\\"Submit a new proposal.<br/>\\n</p>\\n\\n<p>\\n    \\u00a0\\n</p>\\n\\n<h5>Information</h5>\\n\\n<ul>\\n    <li>Registration will be complimentary for speakers.</li>\\n    <li>Any questions can be directed to admin@pydata.org.</li>\\n    <li>Conference dates are July 24-26.</li>\\n    <li>All proposals are due by <strong>May 4, 2015</strong>.</li>\\n</ul>\", \"title\": \"Call for Propossals\", \"publish_date\": \"2015-03-13T11:11:57.737\", \"path\": \"cfp/_edit/cfp/\"}, \"model\": \"symposion_cms.page\", \"pk\": 6}]", "revision": 20}, "model": "reversion.version", "pk": 20}, {"fields": {"format": "json", "object_repr": "About", "object_id": "7", "content_type": 25, "object_id_int": 7, "serialized_data": "[{\"fields\": {\"body\": \"jfdkjieeiasljlk\", \"status\": 2, \"updated\": \"2015-03-13T11:30:39.153\", \"created\": \"2015-03-13T11:30:39.151\", \"_body_rendered\": \"<p>jfdkjieeiasljlk</p>\", \"title\": \"About\", \"publish_date\": \"2015-03-13T11:30:39.151\", \"path\": \"about/\"}, \"model\": \"symposion_cms.page\", \"pk\": 7}]", "revision": 21}, "model": "reversion.version", "pk": 21}, {"fields": {"format": "json", "object_repr": "Call for Propossals", "object_id": "6", "content_type": 25, "object_id_int": 6, "serialized_data": "[{\"fields\": {\"body\": \"<p>\\r\\n    Proposals are now being accepted for PyData Seattle 2015. The event brings together analysts, scientists, developers, engineers, architects and others from the Python data science community to discuss new techniques and tools for management, analytics and visualization of data. Presentation content can be at a novice, intermediate or advanced level. Talks will run 30-40 min and hands-on tutorials will run 90-120 min.\\r\\n</p>\\r\\n<p>\\r\\nAs a reminder, PyData presentations are intended to share knowledge and experience. We welcome talks letting attendees know how how you are using tools in your work,  but discourage any proposals with the aim of selling a product.\\r\\n</p>\\r\\n<p>\\r\\n    If you are interested in presenting a talk or tutorial, we encourage your submission(s). To see the type of topics presented at previous PyData events, please look at our past conference sites at <a href=\\\"http://pydata.org/\\\">pydata.org</a> or check out the videos on <a href=\\\"https://www.youtube.com/user/PyDataTV\\\">https://www.youtube.com/user/PyDataTV</a> or <a href=\\\"http://vimeo.com/pydata\\\">vimeo.com/pydata</a>.\\r\\n</p>\\r\\n<p>\\r\\n\\r\\n</p>\\r\\n<p>\\r\\n\\r\\n</p>\\r\\n\\r\\n<h3>How to Submit</h3>\\r\\n<p>\\r\\n    1. Register for an account on conf.pydata.org/seattle2015/<br />\\r\\n    2. Create a speaker profile.<br />\\r\\n    3. Click on \\\"Submit a new proposal.<br />\\r\\n</p>\\r\\n\\r\\n<p>\\r\\n    &nbsp;\\r\\n</p>\\r\\n<h5>Information</h5>\\r\\n<ul>\\r\\n    <li>Registration will be complimentary for speakers.</li>\\r\\n    <li>Any questions can be directed to admin@pydata.org.</li>\\r\\n    <li>Conference dates are July 24-26.</li>\\r\\n    <li>All proposals are due by <strong>May 4, 2015</strong>.</li>\\r\\n</ul>\\r\\n\", \"status\": 2, \"updated\": \"2015-03-13T11:37:48.409\", \"created\": \"2015-03-13T15:11:57.737Z\", \"_body_rendered\": \"<p>\\n    Proposals are now being accepted for PyData Seattle 2015. The event brings together analysts, scientists, developers, engineers, architects and others from the Python data science community to discuss new techniques and tools for management, analytics and visualization of data. Presentation content can be at a novice, intermediate or advanced level. Talks will run 30-40 min and hands-on tutorials will run 90-120 min.\\n</p>\\n\\n<p>\\nAs a reminder, PyData presentations are intended to share knowledge and experience. We welcome talks letting attendees know how how you are using tools in your work,  but discourage any proposals with the aim of selling a product.\\n</p>\\n\\n<p>\\n    If you are interested in presenting a talk or tutorial, we encourage your submission(s). To see the type of topics presented at previous PyData events, please look at our past conference sites at <a href=\\\"http://pydata.org/\\\">pydata.org</a> or check out the videos on <a href=\\\"https://www.youtube.com/user/PyDataTV\\\">https://www.youtube.com/user/PyDataTV</a> or <a href=\\\"http://vimeo.com/pydata\\\">vimeo.com/pydata</a>.\\n</p>\\n\\n<p>\\n\\n</p>\\n\\n<p>\\n\\n</p>\\n\\n<h3>How to Submit</h3>\\n\\n<p>\\n    1. Register for an account on conf.pydata.org/seattle2015/<br/>\\n    2. Create a speaker profile.<br/>\\n    3. Click on \\\"Submit a new proposal.<br/>\\n</p>\\n\\n<p>\\n    \\u00a0\\n</p>\\n\\n<h5>Information</h5>\\n\\n<ul>\\n    <li>Registration will be complimentary for speakers.</li>\\n    <li>Any questions can be directed to admin@pydata.org.</li>\\n    <li>Conference dates are July 24-26.</li>\\n    <li>All proposals are due by <strong>May 4, 2015</strong>.</li>\\n</ul>\", \"title\": \"Call for Propossals\", \"publish_date\": \"2015-03-13T11:11:57-04:00\", \"path\": \"cfp/_edit/cfp/\"}, \"model\": \"symposion_cms.page\", \"pk\": 6}]", "revision": 22}, "model": "reversion.version", "pk": 22}, {"fields": {"format": "json", "object_repr": "Call For Proposals", "object_id": "8", "content_type": 25, "object_id_int": 8, "serialized_data": "[{\"fields\": {\"body\": \"<p>\\r\\n    Proposals are now being accepted for PyData Seattle 2015. The event brings together analysts, scientists, developers, engineers, architects and others from the Python data science community to discuss new techniques and tools for management, analytics and visualization of data. Presentation content can be at a novice, intermediate or advanced level. Talks will run 30-40 min and hands-on tutorials will run 90-120 min.\\r\\n</p>\\r\\n<p>\\r\\nAs a reminder, PyData presentations are intended to share knowledge and experience. We welcome talks letting attendees know how how you are using tools in your work,  but discourage any proposals with the aim of selling a product.\\r\\n</p>\\r\\n<p>\\r\\n    If you are interested in presenting a talk or tutorial, we encourage your submission(s). To see the type of topics presented at previous PyData events, please look at our past conference sites at <a href=\\\"http://pydata.org/\\\">pydata.org</a> or check out the videos on <a href=\\\"https://www.youtube.com/user/PyDataTV\\\">https://www.youtube.com/user/PyDataTV</a> or <a href=\\\"http://vimeo.com/pydata\\\">vimeo.com/pydata</a>.\\r\\n</p>\\r\\n<p>\\r\\n\\r\\n</p>\\r\\n<p>\\r\\n\\r\\n</p>\\r\\n\\r\\n<h3>How to Submit</h3>\\r\\n<p>\\r\\n    1. Register for an account on conf.pydata.org/seattle2015/<br />\\r\\n    2. Create a speaker profile.<br />\\r\\n    3. Click on \\\"Submit a new proposal.<br />\\r\\n</p>\\r\\n\\r\\n<p>\\r\\n    &nbsp;\\r\\n</p>\\r\\n<h5>Information</h5>\\r\\n<ul>\\r\\n    <li>Registration will be complimentary for speakers.</li>\\r\\n    <li>Any questions can be directed to admin@pydata.org.</li>\\r\\n    <li>Conference dates are July 24-26.</li>\\r\\n    <li>All proposals are due by <strong>May 4, 2015</strong>.</li>\\r\\n</ul>\\r\\n\", \"status\": 2, \"updated\": \"2015-03-13T11:38:34.536\", \"created\": \"2015-03-13T11:38:34.534\", \"_body_rendered\": \"<p>\\n    Proposals are now being accepted for PyData Seattle 2015. The event brings together analysts, scientists, developers, engineers, architects and others from the Python data science community to discuss new techniques and tools for management, analytics and visualization of data. Presentation content can be at a novice, intermediate or advanced level. Talks will run 30-40 min and hands-on tutorials will run 90-120 min.\\n</p>\\n\\n<p>\\nAs a reminder, PyData presentations are intended to share knowledge and experience. We welcome talks letting attendees know how how you are using tools in your work,  but discourage any proposals with the aim of selling a product.\\n</p>\\n\\n<p>\\n    If you are interested in presenting a talk or tutorial, we encourage your submission(s). To see the type of topics presented at previous PyData events, please look at our past conference sites at <a href=\\\"http://pydata.org/\\\">pydata.org</a> or check out the videos on <a href=\\\"https://www.youtube.com/user/PyDataTV\\\">https://www.youtube.com/user/PyDataTV</a> or <a href=\\\"http://vimeo.com/pydata\\\">vimeo.com/pydata</a>.\\n</p>\\n\\n<p>\\n\\n</p>\\n\\n<p>\\n\\n</p>\\n\\n<h3>How to Submit</h3>\\n\\n<p>\\n    1. Register for an account on conf.pydata.org/seattle2015/<br/>\\n    2. Create a speaker profile.<br/>\\n    3. Click on \\\"Submit a new proposal.<br/>\\n</p>\\n\\n<p>\\n    \\u00a0\\n</p>\\n\\n<h5>Information</h5>\\n\\n<ul>\\n    <li>Registration will be complimentary for speakers.</li>\\n    <li>Any questions can be directed to admin@pydata.org.</li>\\n    <li>Conference dates are July 24-26.</li>\\n    <li>All proposals are due by <strong>May 4, 2015</strong>.</li>\\n</ul>\", \"title\": \"Call For Proposals\", \"publish_date\": \"2015-03-13T11:38:34.534\", \"path\": \"about/cms_page/_edit/cfp/_edit/cfp/\"}, \"model\": \"symposion_cms.page\", \"pk\": 8}]", "revision": 23}, "model": "reversion.version", "pk": 23}, {"fields": {"format": "json", "object_repr": "Venue Map", "object_id": "1", "content_type": 25, "object_id_int": 1, "serialized_data": "[{\"fields\": {\"body\": \"Microsoft Campus\\r\\n1 Microsoft Way \\r\\nRedmond, WA 98052\", \"status\": 2, \"updated\": \"2015-03-13T14:37:45.007\", \"created\": \"2015-03-12T18:40:15.653Z\", \"_body_rendered\": \"<p>Microsoft Campus\\n1 Microsoft Way \\nRedmond, WA 98052</p>\", \"title\": \"Venue Map\", \"publish_date\": \"2015-03-12T18:40:15.653Z\", \"path\": \"venue/\"}, \"model\": \"symposion_cms.page\", \"pk\": 1}]", "revision": 24}, "model": "reversion.version", "pk": 24}, {"fields": {"format": "json", "object_repr": "Venue Map", "object_id": "1", "content_type": 25, "object_id_int": 1, "serialized_data": "[{\"fields\": {\"body\": \"Microsoft Campus\\r\\n1 Microsoft Way \\r\\nRedmond, WA 98052\", \"status\": 2, \"updated\": \"2015-03-13T17:10:34.504\", \"created\": \"2015-03-12T18:40:15.653Z\", \"_body_rendered\": \"<p>Microsoft Campus\\n1 Microsoft Way \\nRedmond, WA 98052</p>\", \"title\": \"Venue Map\", \"publish_date\": \"2015-03-12T18:40:15.653Z\", \"path\": \"venue/\"}, \"model\": \"symposion_cms.page\", \"pk\": 1}]", "revision": 25}, "model": "reversion.version", "pk": 25}, {"fields": {"format": "json", "object_repr": "Venue Map", "object_id": "1", "content_type": 25, "object_id_int": 1, "serialized_data": "[{\"fields\": {\"body\": \"Microsoft Campus\\r\\n----------------\\r\\n#### 1 Microsoft Way \\r\\nRedmond, WA 98052\\r\\n\\r\\n\\t\", \"status\": 2, \"updated\": \"2015-03-13T17:34:40.703\", \"created\": \"2015-03-12T18:40:15.653Z\", \"_body_rendered\": \"<h2>Microsoft Campus</h2>\\n<h4>1 Microsoft Way</h4>\\n<p>Redmond, WA 98052</p>\", \"title\": \"Venue Map\", \"publish_date\": \"2015-03-12T14:40:15-04:00\", \"path\": \"venue/\"}, \"model\": \"symposion_cms.page\", \"pk\": 1}]", "revision": 26}, "model": "reversion.version", "pk": 26}, {"fields": {"alias": "main", "title": "main"}, "model": "sitetree.tree", "pk": 1}, {"fields": {"body": "Microsoft Campus\r\n----------------\r\n#### 1 Microsoft Way \r\nRedmond, WA 98052\r\n\r\n\t", "status": 2, "updated": "2015-03-13T21:34:40.703Z", "created": "2015-03-12T18:40:15.653Z", "_body_rendered": "<h2>Microsoft Campus</h2>\n<h4>1 Microsoft Way</h4>\n<p>Redmond, WA 98052</p>", "title": "Venue Map", "publish_date": "2015-03-12T18:40:15Z", "path": "venue/"}, "model": "symposion_cms.page", "pk": 1}, {"fields": {"body": "SPONSOR TEST this\r\n=================\r\n[Google](http://www.google.com \"Google\")\r\n", "status": 2, "updated": "2015-03-13T01:38:27.514Z", "created": "2015-03-12T18:41:32.236Z", "_body_rendered": "<h1>SPONSOR TEST this</h1>\n<p><a href=\"http://www.google.com\" title=\"Google\">Google</a></p>", "title": "Sponsor", "publish_date": "2015-03-12T18:41:04Z", "path": "sponsor/"}, "model": "symposion_cms.page", "pk": 2}, {"fields": {"body": "<p>\r\n    Proposals are now being accepted for PyData Seattle 2015. The event brings together analysts, scientists, developers, engineers, architects and others from the Python data science community to discuss new techniques and tools for management, analytics and visualization of data. Presentation content can be at a novice, intermediate or advanced level. Talks will run 30-40 min and hands-on tutorials will run 90-120 min.\r\n</p>\r\n<p>\r\nAs a reminder, PyData presentations are intended to share knowledge and experience. We welcome talks letting attendees know how how you are using tools in your work,  but discourage any proposals with the aim of selling a product.\r\n</p>\r\n<p>\r\n    If you are interested in presenting a talk or tutorial, we encourage your submission(s). To see the type of topics presented at previous PyData events, please look at our past conference sites at <a href=\"http://pydata.org/\">pydata.org</a> or check out the videos on <a href=\"https://www.youtube.com/user/PyDataTV\">https://www.youtube.com/user/PyDataTV</a> or <a href=\"http://vimeo.com/pydata\">vimeo.com/pydata</a>.\r\n</p>\r\n<p>\r\n\r\n</p>\r\n<p>\r\n\r\n</p>\r\n\r\n<h3>How to Submit</h3>\r\n<p>\r\n    1. Register for an account on conf.pydata.org/seattle2015/<br />\r\n    2. Create a speaker profile.<br />\r\n    3. Click on \"Submit a new proposal.<br />\r\n</p>\r\n\r\n<p>\r\n    &nbsp;\r\n</p>\r\n<h5>Information</h5>\r\n<ul>\r\n    <li>Registration will be complimentary for speakers.</li>\r\n    <li>Any questions can be directed to admin@pydata.org.</li>\r\n    <li>Conference dates are July 24-26.</li>\r\n    <li>All proposals are due by <strong>May 4, 2015</strong>.</li>\r\n</ul>\r\n", "status": 2, "updated": "2015-03-13T15:37:48.409Z", "created": "2015-03-13T15:11:57.737Z", "_body_rendered": "<p>\n    Proposals are now being accepted for PyData Seattle 2015. The event brings together analysts, scientists, developers, engineers, architects and others from the Python data science community to discuss new techniques and tools for management, analytics and visualization of data. Presentation content can be at a novice, intermediate or advanced level. Talks will run 30-40 min and hands-on tutorials will run 90-120 min.\n</p>\n\n<p>\nAs a reminder, PyData presentations are intended to share knowledge and experience. We welcome talks letting attendees know how how you are using tools in your work,  but discourage any proposals with the aim of selling a product.\n</p>\n\n<p>\n    If you are interested in presenting a talk or tutorial, we encourage your submission(s). To see the type of topics presented at previous PyData events, please look at our past conference sites at <a href=\"http://pydata.org/\">pydata.org</a> or check out the videos on <a href=\"https://www.youtube.com/user/PyDataTV\">https://www.youtube.com/user/PyDataTV</a> or <a href=\"http://vimeo.com/pydata\">vimeo.com/pydata</a>.\n</p>\n\n<p>\n\n</p>\n\n<p>\n\n</p>\n\n<h3>How to Submit</h3>\n\n<p>\n    1. Register for an account on conf.pydata.org/seattle2015/<br/>\n    2. Create a speaker profile.<br/>\n    3. Click on \"Submit a new proposal.<br/>\n</p>\n\n<p>\n    \u00a0\n</p>\n\n<h5>Information</h5>\n\n<ul>\n    <li>Registration will be complimentary for speakers.</li>\n    <li>Any questions can be directed to admin@pydata.org.</li>\n    <li>Conference dates are July 24-26.</li>\n    <li>All proposals are due by <strong>May 4, 2015</strong>.</li>\n</ul>", "title": "Call for Propossals", "publish_date": "2015-03-13T15:11:57Z", "path": "cfp/_edit/cfp/"}, "model": "symposion_cms.page", "pk": 6}, {"fields": {"body": "jfdkjieeiasljlk", "status": 2, "updated": "2015-03-13T15:30:39.153Z", "created": "2015-03-13T15:30:39.151Z", "_body_rendered": "<p>jfdkjieeiasljlk</p>", "title": "About", "publish_date": "2015-03-13T15:30:39.151Z", "path": "about/"}, "model": "symposion_cms.page", "pk": 7}, {"fields": {"body": "<p>\r\n    Proposals are now being accepted for PyData Seattle 2015. The event brings together analysts, scientists, developers, engineers, architects and others from the Python data science community to discuss new techniques and tools for management, analytics and visualization of data. Presentation content can be at a novice, intermediate or advanced level. Talks will run 30-40 min and hands-on tutorials will run 90-120 min.\r\n</p>\r\n<p>\r\nAs a reminder, PyData presentations are intended to share knowledge and experience. We welcome talks letting attendees know how how you are using tools in your work,  but discourage any proposals with the aim of selling a product.\r\n</p>\r\n<p>\r\n    If you are interested in presenting a talk or tutorial, we encourage your submission(s). To see the type of topics presented at previous PyData events, please look at our past conference sites at <a href=\"http://pydata.org/\">pydata.org</a> or check out the videos on <a href=\"https://www.youtube.com/user/PyDataTV\">https://www.youtube.com/user/PyDataTV</a> or <a href=\"http://vimeo.com/pydata\">vimeo.com/pydata</a>.\r\n</p>\r\n<p>\r\n\r\n</p>\r\n<p>\r\n\r\n</p>\r\n\r\n<h3>How to Submit</h3>\r\n<p>\r\n    1. Register for an account on conf.pydata.org/seattle2015/<br />\r\n    2. Create a speaker profile.<br />\r\n    3. Click on \"Submit a new proposal.<br />\r\n</p>\r\n\r\n<p>\r\n    &nbsp;\r\n</p>\r\n<h5>Information</h5>\r\n<ul>\r\n    <li>Registration will be complimentary for speakers.</li>\r\n    <li>Any questions can be directed to admin@pydata.org.</li>\r\n    <li>Conference dates are July 24-26.</li>\r\n    <li>All proposals are due by <strong>May 4, 2015</strong>.</li>\r\n</ul>\r\n", "status": 2, "updated": "2015-03-13T15:38:34.536Z", "created": "2015-03-13T15:38:34.534Z", "_body_rendered": "<p>\n    Proposals are now being accepted for PyData Seattle 2015. The event brings together analysts, scientists, developers, engineers, architects and others from the Python data science community to discuss new techniques and tools for management, analytics and visualization of data. Presentation content can be at a novice, intermediate or advanced level. Talks will run 30-40 min and hands-on tutorials will run 90-120 min.\n</p>\n\n<p>\nAs a reminder, PyData presentations are intended to share knowledge and experience. We welcome talks letting attendees know how how you are using tools in your work,  but discourage any proposals with the aim of selling a product.\n</p>\n\n<p>\n    If you are interested in presenting a talk or tutorial, we encourage your submission(s). To see the type of topics presented at previous PyData events, please look at our past conference sites at <a href=\"http://pydata.org/\">pydata.org</a> or check out the videos on <a href=\"https://www.youtube.com/user/PyDataTV\">https://www.youtube.com/user/PyDataTV</a> or <a href=\"http://vimeo.com/pydata\">vimeo.com/pydata</a>.\n</p>\n\n<p>\n\n</p>\n\n<p>\n\n</p>\n\n<h3>How to Submit</h3>\n\n<p>\n    1. Register for an account on conf.pydata.org/seattle2015/<br/>\n    2. Create a speaker profile.<br/>\n    3. Click on \"Submit a new proposal.<br/>\n</p>\n\n<p>\n    \u00a0\n</p>\n\n<h5>Information</h5>\n\n<ul>\n    <li>Registration will be complimentary for speakers.</li>\n    <li>Any questions can be directed to admin@pydata.org.</li>\n    <li>Conference dates are July 24-26.</li>\n    <li>All proposals are due by <strong>May 4, 2015</strong>.</li>\n</ul>", "title": "Call For Proposals", "publish_date": "2015-03-13T15:38:34.534Z", "path": "about/cms_page/_edit/cfp/_edit/cfp/"}, "model": "symposion_cms.page", "pk": 8}, {"fields": {"timezone": "US/Eastern", "start_date": "2040-01-01", "end_date": "2040-01-04", "title": "SymposionCon"}, "model": "symposion_conference.conference", "pk": 1}, {"fields": {"timezone": "US/Pacific", "start_date": "2015-07-24", "end_date": "2015-07-26", "title": "PyData Seattle 2015"}, "model": "symposion_conference.conference", "pk": 2}, {"fields": {"conference": 1, "start_date": "2040-01-01", "name": "Tutorials", "end_date": "2040-01-01", "slug": "tutorials"}, "model": "symposion_conference.section", "pk": 1}, {"fields": {"conference": 1, "start_date": "2040-01-02", "name": "General Sessions", "end_date": "2040-01-04", "slug": "general-sessions"}, "model": "symposion_conference.section", "pk": 2}, {"fields": {"start": null, "section": 1, "end": null, "closed": null, "published": null}, "model": "symposion_proposals.proposalsection", "pk": 1}, {"fields": {"start": null, "section": 2, "end": null, "closed": null, "published": null}, "model": "symposion_proposals.proposalsection", "pk": 2}, {"fields": {"section": 1, "name": "tutorial", "slug": "tutorial"}, "model": "symposion_proposals.proposalkind", "pk": 1}, {"fields": {"section": 2, "name": "talk", "slug": "talk"}, "model": "symposion_proposals.proposalkind", "pk": 2}, {"fields": {"conference": 2, "description": "<ul>\r\n<li>Limit: 10</li>\r\n<li>Logo and description on conference website</li>\r\n<li>Logo on conference schedules (flyers & posters)</li>\r\n<li>Logo on t-shirt</li>\r\n<li>Large booth in high-traffic area</li>\r\n<li>Sponsor Tweet</li>\r\n<li>4 Conference passes</li>\r\n<li>2 Diversity Scholarships</li>\r\n</ul>", "cost": 5000, "name": "Gold", "order": 2}, "model": "symposion_sponsorship.sponsorlevel", "pk": 1}, {"fields": {"conference": 2, "description": "<ul>\r\n<li>Limit: 15</li>\r\n<li>Logo and description on conference website</li>\r\n<li>Small booth in high-traffic area</li>\r\n<li>Sponsor Tweet</li>\r\n<li>3 Conference passes</li>\r\n</ul>", "cost": 3000, "name": "Silver", "order": 3}, "model": "symposion_sponsorship.sponsorlevel", "pk": 2}, {"fields": {"conference": 1, "description": "", "cost": 2000, "name": "Bronze", "order": 2}, "model": "symposion_sponsorship.sponsorlevel", "pk": 3}, {"fields": {"conference": 2, "description": "<ul>\r\n<li>Limit: 2</li>\r\n<li>Logo and description on conference website</li>\r\n<li>Logo on conference schedules (flyers & posters)</li>\r\n<li>Logo on t-shirt</li>\r\n<li>Sponsor banner</li>\r\n<li>Banner placement during plenary sessions</li>\r\n<li>Bumper attached to conference videos</li>\r\n<li>Prominent logo placement on website homepage</li>\r\n<li>Large booth in high-traffic area</li>\r\n<li>Sponsor Talk (subject to final approval)</li>\r\n<li>Sponsor Tweet</li>\r\n<li> On-Stage acknowledgement during opening and closing plenary sessions</li>\r\n<li>10 Conference passes</li>\r\n<li>5 Diversity Scholarships</li>\r\n</ul>", "cost": 15000, "name": "Diamond", "order": 0}, "model": "symposion_sponsorship.sponsorlevel", "pk": 4}, {"fields": {"conference": 2, "description": "<ul>\r\n<li>Limit: 5</li>\r\n<li>Logo and description on conference website</li>\r\n<li>Logo on conference schedules (flyers & posters)</li>\r\n<li>Logo on t-shirt</li>\r\n<li>Sponsor banner</li>\r\n<li>Large booth in high-traffic area</li>\r\n<li>Sponsor Tweet</li>\r\n<li> On-Stage acknowledgement during opening and closing plenary sessions</li>\r\n<li>6 Conference passes</li>\r\n<li>3 Diversity Scholarships</li>\r\n</ul>", "cost": 8000, "name": "Platinum", "order": 1}, "model": "symposion_sponsorship.sponsorlevel", "pk": 5}, {"fields": {"conference": 2, "description": "<ul>\r\n<li>Logo and description on conference website</li>\r\n<li>Sponsor Tweet</li>\r\n<li>1 Conference pass</li>\r\n</ul>", "cost": 1500, "name": "Supporting", "order": 4}, "model": "symposion_sponsorship.sponsorlevel", "pk": 6}, {"fields": {"conference": 2, "description": "Logo placement on opening slide frame (Limit: 1)", "cost": 5000, "name": "Video Sponsor", "order": 5}, "model": "symposion_sponsorship.sponsorlevel", "pk": 7}, {"fields": {"conference": 2, "description": "Signage and company presence at sprints (Limit: 1)", "cost": 5000, "name": "Tutorial/Sprint Sponsor", "order": 6}, "model": "symposion_sponsorship.sponsorlevel", "pk": 8}, {"fields": {"conference": 2, "description": "Host an evening social event (Limit: 2)", "cost": 3000, "name": "Drinks n' Data Sponsor", "order": 7}, "model": "symposion_sponsorship.sponsorlevel", "pk": 9}, {"fields": {"conference": 2, "description": "Logo on attendee badges (Limit: 1)", "cost": 1500, "name": "Badge Sponsor", "order": 8}, "model": "symposion_sponsorship.sponsorlevel", "pk": 10}, {"fields": {"conference": 2, "description": "Logo and text on lanyards (Limit: 1)", "cost": 1500, "name": "Lanyard Sponsor", "order": 9}, "model": "symposion_sponsorship.sponsorlevel", "pk": 11}, {"fields": {"type": "weblogo", "name": "Web Logo", "description": "Logo to appear on the website"}, "model": "symposion_sponsorship.benefit", "pk": 2}, {"fields": {"type": "file", "name": "Print Logo", "description": "Logo to appear in print"}, "model": "symposion_sponsorship.benefit", "pk": 3}, {"fields": {"type": "text", "name": "Sponsor Description", "description": "Description to appear on website and in print"}, "model": "symposion_sponsorship.benefit", "pk": 4}, {"fields": {"other_limits": "", "benefit": 2, "max_words": null, "level": 1}, "model": "symposion_sponsorship.benefitlevel", "pk": 1}, {"fields": {"other_limits": "", "benefit": 2, "max_words": null, "level": 2}, "model": "symposion_sponsorship.benefitlevel", "pk": 2}, {"fields": {"other_limits": "", "benefit": 2, "max_words": null, "level": 3}, "model": "symposion_sponsorship.benefitlevel", "pk": 3}, {"fields": {"other_limits": "", "benefit": 3, "max_words": null, "level": 1}, "model": "symposion_sponsorship.benefitlevel", "pk": 5}, {"fields": {"other_limits": "", "benefit": 3, "max_words": null, "level": 2}, "model": "symposion_sponsorship.benefitlevel", "pk": 6}, {"fields": {"other_limits": "", "benefit": 3, "max_words": null, "level": 3}, "model": "symposion_sponsorship.benefitlevel", "pk": 7}, {"fields": {"other_limits": "", "benefit": 4, "max_words": null, "level": 1}, "model": "symposion_sponsorship.benefitlevel", "pk": 9}, {"fields": {"other_limits": "", "benefit": 4, "max_words": null, "level": 2}, "model": "symposion_sponsorship.benefitlevel", "pk": 10}, {"fields": {"other_limits": "", "benefit": 4, "max_words": null, "level": 3}, "model": "symposion_sponsorship.benefitlevel", "pk": 11}, {"fields": {"other_limits": "", "benefit": 2, "max_words": null, "level": 4}, "model": "symposion_sponsorship.benefitlevel", "pk": 12}, {"fields": {"other_limits": "", "benefit": 3, "max_words": null, "level": 4}, "model": "symposion_sponsorship.benefitlevel", "pk": 13}, {"fields": {"codename": "add_logentry", "name": "Can add log entry", "content_type": 1}, "model": "auth.permission", "pk": 1}, {"fields": {"codename": "change_logentry", "name": "Can change log entry", "content_type": 1}, "model": "auth.permission", "pk": 2}, {"fields": {"codename": "delete_logentry", "name": "Can delete log entry", "content_type": 1}, "model": "auth.permission", "pk": 3}, {"fields": {"codename": "add_permission", "name": "Can add permission", "content_type": 2}, "model": "auth.permission", "pk": 4}, {"fields": {"codename": "change_permission", "name": "Can change permission", "content_type": 2}, "model": "auth.permission", "pk": 5}, {"fields": {"codename": "delete_permission", "name": "Can delete permission", "content_type": 2}, "model": "auth.permission", "pk": 6}, {"fields": {"codename": "add_group", "name": "Can add group", "content_type": 3}, "model": "auth.permission", "pk": 7}, {"fields": {"codename": "change_group", "name": "Can change group", "content_type": 3}, "model": "auth.permission", "pk": 8}, {"fields": {"codename": "delete_group", "name": "Can delete group", "content_type": 3}, "model": "auth.permission", "pk": 9}, {"fields": {"codename": "add_user", "name": "Can add user", "content_type": 4}, "model": "auth.permission", "pk": 10}, {"fields": {"codename": "change_user", "name": "Can change user", "content_type": 4}, "model": "auth.permission", "pk": 11}, {"fields": {"codename": "delete_user", "name": "Can delete user", "content_type": 4}, "model": "auth.permission", "pk": 12}, {"fields": {"codename": "add_contenttype", "name": "Can add content type", "content_type": 5}, "model": "auth.permission", "pk": 13}, {"fields": {"codename": "change_contenttype", "name": "Can change content type", "content_type": 5}, "model": "auth.permission", "pk": 14}, {"fields": {"codename": "delete_contenttype", "name": "Can delete content type", "content_type": 5}, "model": "auth.permission", "pk": 15}, {"fields": {"codename": "add_session", "name": "Can add session", "content_type": 6}, "model": "auth.permission", "pk": 16}, {"fields": {"codename": "change_session", "name": "Can change session", "content_type": 6}, "model": "auth.permission", "pk": 17}, {"fields": {"codename": "delete_session", "name": "Can delete session", "content_type": 6}, "model": "auth.permission", "pk": 18}, {"fields": {"codename": "add_site", "name": "Can add site", "content_type": 7}, "model": "auth.permission", "pk": 19}, {"fields": {"codename": "change_site", "name": "Can change site", "content_type": 7}, "model": "auth.permission", "pk": 20}, {"fields": {"codename": "delete_site", "name": "Can delete site", "content_type": 7}, "model": "auth.permission", "pk": 21}, {"fields": {"codename": "add_account", "name": "Can add account", "content_type": 8}, "model": "auth.permission", "pk": 22}, {"fields": {"codename": "change_account", "name": "Can change account", "content_type": 8}, "model": "auth.permission", "pk": 23}, {"fields": {"codename": "delete_account", "name": "Can delete account", "content_type": 8}, "model": "auth.permission", "pk": 24}, {"fields": {"codename": "add_signupcode", "name": "Can add signup code", "content_type": 9}, "model": "auth.permission", "pk": 25}, {"fields": {"codename": "change_signupcode", "name": "Can change signup code", "content_type": 9}, "model": "auth.permission", "pk": 26}, {"fields": {"codename": "delete_signupcode", "name": "Can delete signup code", "content_type": 9}, "model": "auth.permission", "pk": 27}, {"fields": {"codename": "add_signupcoderesult", "name": "Can add signup code result", "content_type": 10}, "model": "auth.permission", "pk": 28}, {"fields": {"codename": "change_signupcoderesult", "name": "Can change signup code result", "content_type": 10}, "model": "auth.permission", "pk": 29}, {"fields": {"codename": "delete_signupcoderesult", "name": "Can delete signup code result", "content_type": 10}, "model": "auth.permission", "pk": 30}, {"fields": {"codename": "add_emailaddress", "name": "Can add email address", "content_type": 11}, "model": "auth.permission", "pk": 31}, {"fields": {"codename": "change_emailaddress", "name": "Can change email address", "content_type": 11}, "model": "auth.permission", "pk": 32}, {"fields": {"codename": "delete_emailaddress", "name": "Can delete email address", "content_type": 11}, "model": "auth.permission", "pk": 33}, {"fields": {"codename": "add_emailconfirmation", "name": "Can add email confirmation", "content_type": 12}, "model": "auth.permission", "pk": 34}, {"fields": {"codename": "change_emailconfirmation", "name": "Can change email confirmation", "content_type": 12}, "model": "auth.permission", "pk": 35}, {"fields": {"codename": "delete_emailconfirmation", "name": "Can delete email confirmation", "content_type": 12}, "model": "auth.permission", "pk": 36}, {"fields": {"codename": "add_accountdeletion", "name": "Can add account deletion", "content_type": 13}, "model": "auth.permission", "pk": 37}, {"fields": {"codename": "change_accountdeletion", "name": "Can change account deletion", "content_type": 13}, "model": "auth.permission", "pk": 38}, {"fields": {"codename": "delete_accountdeletion", "name": "Can delete account deletion", "content_type": 13}, "model": "auth.permission", "pk": 39}, {"fields": {"codename": "add_source", "name": "Can add source", "content_type": 14}, "model": "auth.permission", "pk": 40}, {"fields": {"codename": "change_source", "name": "Can change source", "content_type": 14}, "model": "auth.permission", "pk": 41}, {"fields": {"codename": "delete_source", "name": "Can delete source", "content_type": 14}, "model": "auth.permission", "pk": 42}, {"fields": {"codename": "add_thumbnail", "name": "Can add thumbnail", "content_type": 15}, "model": "auth.permission", "pk": 43}, {"fields": {"codename": "change_thumbnail", "name": "Can change thumbnail", "content_type": 15}, "model": "auth.permission", "pk": 44}, {"fields": {"codename": "delete_thumbnail", "name": "Can delete thumbnail", "content_type": 15}, "model": "auth.permission", "pk": 45}, {"fields": {"codename": "add_thumbnaildimensions", "name": "Can add thumbnail dimensions", "content_type": 16}, "model": "auth.permission", "pk": 46}, {"fields": {"codename": "change_thumbnaildimensions", "name": "Can change thumbnail dimensions", "content_type": 16}, "model": "auth.permission", "pk": 47}, {"fields": {"codename": "delete_thumbnaildimensions", "name": "Can delete thumbnail dimensions", "content_type": 16}, "model": "auth.permission", "pk": 48}, {"fields": {"codename": "add_log", "name": "Can add log", "content_type": 17}, "model": "auth.permission", "pk": 49}, {"fields": {"codename": "change_log", "name": "Can change log", "content_type": 17}, "model": "auth.permission", "pk": 50}, {"fields": {"codename": "delete_log", "name": "Can delete log", "content_type": 17}, "model": "auth.permission", "pk": 51}, {"fields": {"codename": "add_revision", "name": "Can add revision", "content_type": 18}, "model": "auth.permission", "pk": 52}, {"fields": {"codename": "change_revision", "name": "Can change revision", "content_type": 18}, "model": "auth.permission", "pk": 53}, {"fields": {"codename": "delete_revision", "name": "Can delete revision", "content_type": 18}, "model": "auth.permission", "pk": 54}, {"fields": {"codename": "add_version", "name": "Can add version", "content_type": 19}, "model": "auth.permission", "pk": 55}, {"fields": {"codename": "change_version", "name": "Can change version", "content_type": 19}, "model": "auth.permission", "pk": 56}, {"fields": {"codename": "delete_version", "name": "Can delete version", "content_type": 19}, "model": "auth.permission", "pk": 57}, {"fields": {"codename": "add_tree", "name": "Can add Site Tree", "content_type": 20}, "model": "auth.permission", "pk": 58}, {"fields": {"codename": "change_tree", "name": "Can change Site Tree", "content_type": 20}, "model": "auth.permission", "pk": 59}, {"fields": {"codename": "delete_tree", "name": "Can delete Site Tree", "content_type": 20}, "model": "auth.permission", "pk": 60}, {"fields": {"codename": "add_treeitem", "name": "Can add Site Tree Item", "content_type": 21}, "model": "auth.permission", "pk": 61}, {"fields": {"codename": "change_treeitem", "name": "Can change Site Tree Item", "content_type": 21}, "model": "auth.permission", "pk": 62}, {"fields": {"codename": "delete_treeitem", "name": "Can delete Site Tree Item", "content_type": 21}, "model": "auth.permission", "pk": 63}, {"fields": {"codename": "add_tag", "name": "Can add Tag", "content_type": 22}, "model": "auth.permission", "pk": 64}, {"fields": {"codename": "change_tag", "name": "Can change Tag", "content_type": 22}, "model": "auth.permission", "pk": 65}, {"fields": {"codename": "delete_tag", "name": "Can delete Tag", "content_type": 22}, "model": "auth.permission", "pk": 66}, {"fields": {"codename": "add_taggeditem", "name": "Can add Tagged Item", "content_type": 23}, "model": "auth.permission", "pk": 67}, {"fields": {"codename": "change_taggeditem", "name": "Can change Tagged Item", "content_type": 23}, "model": "auth.permission", "pk": 68}, {"fields": {"codename": "delete_taggeditem", "name": "Can delete Tagged Item", "content_type": 23}, "model": "auth.permission", "pk": 69}, {"fields": {"codename": "add_box", "name": "Can add box", "content_type": 24}, "model": "auth.permission", "pk": 70}, {"fields": {"codename": "change_box", "name": "Can change box", "content_type": 24}, "model": "auth.permission", "pk": 71}, {"fields": {"codename": "delete_box", "name": "Can delete box", "content_type": 24}, "model": "auth.permission", "pk": 72}, {"fields": {"codename": "add_page", "name": "Can add page", "content_type": 25}, "model": "auth.permission", "pk": 73}, {"fields": {"codename": "change_page", "name": "Can change page", "content_type": 25}, "model": "auth.permission", "pk": 74}, {"fields": {"codename": "delete_page", "name": "Can delete page", "content_type": 25}, "model": "auth.permission", "pk": 75}, {"fields": {"codename": "add_file", "name": "Can add file", "content_type": 26}, "model": "auth.permission", "pk": 76}, {"fields": {"codename": "change_file", "name": "Can change file", "content_type": 26}, "model": "auth.permission", "pk": 77}, {"fields": {"codename": "delete_file", "name": "Can delete file", "content_type": 26}, "model": "auth.permission", "pk": 78}, {"fields": {"codename": "add_conference", "name": "Can add conference", "content_type": 27}, "model": "auth.permission", "pk": 79}, {"fields": {"codename": "change_conference", "name": "Can change conference", "content_type": 27}, "model": "auth.permission", "pk": 80}, {"fields": {"codename": "delete_conference", "name": "Can delete conference", "content_type": 27}, "model": "auth.permission", "pk": 81}, {"fields": {"codename": "add_section", "name": "Can add section", "content_type": 28}, "model": "auth.permission", "pk": 82}, {"fields": {"codename": "change_section", "name": "Can change section", "content_type": 28}, "model": "auth.permission", "pk": 83}, {"fields": {"codename": "delete_section", "name": "Can delete section", "content_type": 28}, "model": "auth.permission", "pk": 84}, {"fields": {"codename": "add_proposalsection", "name": "Can add proposal section", "content_type": 29}, "model": "auth.permission", "pk": 85}, {"fields": {"codename": "change_proposalsection", "name": "Can change proposal section", "content_type": 29}, "model": "auth.permission", "pk": 86}, {"fields": {"codename": "delete_proposalsection", "name": "Can delete proposal section", "content_type": 29}, "model": "auth.permission", "pk": 87}, {"fields": {"codename": "add_proposalkind", "name": "Can add proposal kind", "content_type": 30}, "model": "auth.permission", "pk": 88}, {"fields": {"codename": "change_proposalkind", "name": "Can change proposal kind", "content_type": 30}, "model": "auth.permission", "pk": 89}, {"fields": {"codename": "delete_proposalkind", "name": "Can delete proposal kind", "content_type": 30}, "model": "auth.permission", "pk": 90}, {"fields": {"codename": "add_proposalbase", "name": "Can add proposal base", "content_type": 31}, "model": "auth.permission", "pk": 91}, {"fields": {"codename": "change_proposalbase", "name": "Can change proposal base", "content_type": 31}, "model": "auth.permission", "pk": 92}, {"fields": {"codename": "delete_proposalbase", "name": "Can delete proposal base", "content_type": 31}, "model": "auth.permission", "pk": 93}, {"fields": {"codename": "add_additionalspeaker", "name": "Can add additional speaker", "content_type": 32}, "model": "auth.permission", "pk": 94}, {"fields": {"codename": "change_additionalspeaker", "name": "Can change additional speaker", "content_type": 32}, "model": "auth.permission", "pk": 95}, {"fields": {"codename": "delete_additionalspeaker", "name": "Can delete additional speaker", "content_type": 32}, "model": "auth.permission", "pk": 96}, {"fields": {"codename": "add_supportingdocument", "name": "Can add supporting document", "content_type": 33}, "model": "auth.permission", "pk": 97}, {"fields": {"codename": "change_supportingdocument", "name": "Can change supporting document", "content_type": 33}, "model": "auth.permission", "pk": 98}, {"fields": {"codename": "delete_supportingdocument", "name": "Can delete supporting document", "content_type": 33}, "model": "auth.permission", "pk": 99}, {"fields": {"codename": "add_reviewassignment", "name": "Can add review assignment", "content_type": 34}, "model": "auth.permission", "pk": 100}, {"fields": {"codename": "change_reviewassignment", "name": "Can change review assignment", "content_type": 34}, "model": "auth.permission", "pk": 101}, {"fields": {"codename": "delete_reviewassignment", "name": "Can delete review assignment", "content_type": 34}, "model": "auth.permission", "pk": 102}, {"fields": {"codename": "add_proposalmessage", "name": "Can add proposal message", "content_type": 35}, "model": "auth.permission", "pk": 103}, {"fields": {"codename": "change_proposalmessage", "name": "Can change proposal message", "content_type": 35}, "model": "auth.permission", "pk": 104}, {"fields": {"codename": "delete_proposalmessage", "name": "Can delete proposal message", "content_type": 35}, "model": "auth.permission", "pk": 105}, {"fields": {"codename": "add_review", "name": "Can add review", "content_type": 36}, "model": "auth.permission", "pk": 106}, {"fields": {"codename": "change_review", "name": "Can change review", "content_type": 36}, "model": "auth.permission", "pk": 107}, {"fields": {"codename": "delete_review", "name": "Can delete review", "content_type": 36}, "model": "auth.permission", "pk": 108}, {"fields": {"codename": "add_latestvote", "name": "Can add latest vote", "content_type": 37}, "model": "auth.permission", "pk": 109}, {"fields": {"codename": "change_latestvote", "name": "Can change latest vote", "content_type": 37}, "model": "auth.permission", "pk": 110}, {"fields": {"codename": "delete_latestvote", "name": "Can delete latest vote", "content_type": 37}, "model": "auth.permission", "pk": 111}, {"fields": {"codename": "add_proposalresult", "name": "Can add proposal result", "content_type": 38}, "model": "auth.permission", "pk": 112}, {"fields": {"codename": "change_proposalresult", "name": "Can change proposal result", "content_type": 38}, "model": "auth.permission", "pk": 113}, {"fields": {"codename": "delete_proposalresult", "name": "Can delete proposal result", "content_type": 38}, "model": "auth.permission", "pk": 114}, {"fields": {"codename": "add_comment", "name": "Can add comment", "content_type": 39}, "model": "auth.permission", "pk": 115}, {"fields": {"codename": "change_comment", "name": "Can change comment", "content_type": 39}, "model": "auth.permission", "pk": 116}, {"fields": {"codename": "delete_comment", "name": "Can delete comment", "content_type": 39}, "model": "auth.permission", "pk": 117}, {"fields": {"codename": "add_notificationtemplate", "name": "Can add notification template", "content_type": 40}, "model": "auth.permission", "pk": 118}, {"fields": {"codename": "change_notificationtemplate", "name": "Can change notification template", "content_type": 40}, "model": "auth.permission", "pk": 119}, {"fields": {"codename": "delete_notificationtemplate", "name": "Can delete notification template", "content_type": 40}, "model": "auth.permission", "pk": 120}, {"fields": {"codename": "add_resultnotification", "name": "Can add result notification", "content_type": 41}, "model": "auth.permission", "pk": 121}, {"fields": {"codename": "change_resultnotification", "name": "Can change result notification", "content_type": 41}, "model": "auth.permission", "pk": 122}, {"fields": {"codename": "delete_resultnotification", "name": "Can delete result notification", "content_type": 41}, "model": "auth.permission", "pk": 123}, {"fields": {"codename": "add_schedule", "name": "Can add schedule", "content_type": 42}, "model": "auth.permission", "pk": 124}, {"fields": {"codename": "change_schedule", "name": "Can change schedule", "content_type": 42}, "model": "auth.permission", "pk": 125}, {"fields": {"codename": "delete_schedule", "name": "Can delete schedule", "content_type": 42}, "model": "auth.permission", "pk": 126}, {"fields": {"codename": "add_day", "name": "Can add day", "content_type": 43}, "model": "auth.permission", "pk": 127}, {"fields": {"codename": "change_day", "name": "Can change day", "content_type": 43}, "model": "auth.permission", "pk": 128}, {"fields": {"codename": "delete_day", "name": "Can delete day", "content_type": 43}, "model": "auth.permission", "pk": 129}, {"fields": {"codename": "add_room", "name": "Can add room", "content_type": 44}, "model": "auth.permission", "pk": 130}, {"fields": {"codename": "change_room", "name": "Can change room", "content_type": 44}, "model": "auth.permission", "pk": 131}, {"fields": {"codename": "delete_room", "name": "Can delete room", "content_type": 44}, "model": "auth.permission", "pk": 132}, {"fields": {"codename": "add_slotkind", "name": "Can add slot kind", "content_type": 45}, "model": "auth.permission", "pk": 133}, {"fields": {"codename": "change_slotkind", "name": "Can change slot kind", "content_type": 45}, "model": "auth.permission", "pk": 134}, {"fields": {"codename": "delete_slotkind", "name": "Can delete slot kind", "content_type": 45}, "model": "auth.permission", "pk": 135}, {"fields": {"codename": "add_slot", "name": "Can add slot", "content_type": 46}, "model": "auth.permission", "pk": 136}, {"fields": {"codename": "change_slot", "name": "Can change slot", "content_type": 46}, "model": "auth.permission", "pk": 137}, {"fields": {"codename": "delete_slot", "name": "Can delete slot", "content_type": 46}, "model": "auth.permission", "pk": 138}, {"fields": {"codename": "add_slotroom", "name": "Can add slot room", "content_type": 47}, "model": "auth.permission", "pk": 139}, {"fields": {"codename": "change_slotroom", "name": "Can change slot room", "content_type": 47}, "model": "auth.permission", "pk": 140}, {"fields": {"codename": "delete_slotroom", "name": "Can delete slot room", "content_type": 47}, "model": "auth.permission", "pk": 141}, {"fields": {"codename": "add_presentation", "name": "Can add presentation", "content_type": 48}, "model": "auth.permission", "pk": 142}, {"fields": {"codename": "change_presentation", "name": "Can change presentation", "content_type": 48}, "model": "auth.permission", "pk": 143}, {"fields": {"codename": "delete_presentation", "name": "Can delete presentation", "content_type": 48}, "model": "auth.permission", "pk": 144}, {"fields": {"codename": "add_speaker", "name": "Can add speaker", "content_type": 49}, "model": "auth.permission", "pk": 145}, {"fields": {"codename": "change_speaker", "name": "Can change speaker", "content_type": 49}, "model": "auth.permission", "pk": 146}, {"fields": {"codename": "delete_speaker", "name": "Can delete speaker", "content_type": 49}, "model": "auth.permission", "pk": 147}, {"fields": {"codename": "add_sponsorlevel", "name": "Can add sponsor level", "content_type": 50}, "model": "auth.permission", "pk": 148}, {"fields": {"codename": "change_sponsorlevel", "name": "Can change sponsor level", "content_type": 50}, "model": "auth.permission", "pk": 149}, {"fields": {"codename": "delete_sponsorlevel", "name": "Can delete sponsor level", "content_type": 50}, "model": "auth.permission", "pk": 150}, {"fields": {"codename": "add_sponsor", "name": "Can add sponsor", "content_type": 51}, "model": "auth.permission", "pk": 151}, {"fields": {"codename": "change_sponsor", "name": "Can change sponsor", "content_type": 51}, "model": "auth.permission", "pk": 152}, {"fields": {"codename": "delete_sponsor", "name": "Can delete sponsor", "content_type": 51}, "model": "auth.permission", "pk": 153}, {"fields": {"codename": "add_benefit", "name": "Can add benefit", "content_type": 52}, "model": "auth.permission", "pk": 154}, {"fields": {"codename": "change_benefit", "name": "Can change benefit", "content_type": 52}, "model": "auth.permission", "pk": 155}, {"fields": {"codename": "delete_benefit", "name": "Can delete benefit", "content_type": 52}, "model": "auth.permission", "pk": 156}, {"fields": {"codename": "add_benefitlevel", "name": "Can add benefit level", "content_type": 53}, "model": "auth.permission", "pk": 157}, {"fields": {"codename": "change_benefitlevel", "name": "Can change benefit level", "content_type": 53}, "model": "auth.permission", "pk": 158}, {"fields": {"codename": "delete_benefitlevel", "name": "Can delete benefit level", "content_type": 53}, "model": "auth.permission", "pk": 159}, {"fields": {"codename": "add_sponsorbenefit", "name": "Can add sponsor benefit", "content_type": 54}, "model": "auth.permission", "pk": 160}, {"fields": {"codename": "change_sponsorbenefit", "name": "Can change sponsor benefit", "content_type": 54}, "model": "auth.permission", "pk": 161}, {"fields": {"codename": "delete_sponsorbenefit", "name": "Can delete sponsor benefit", "content_type": 54}, "model": "auth.permission", "pk": 162}, {"fields": {"codename": "add_team", "name": "Can add team", "content_type": 55}, "model": "auth.permission", "pk": 163}, {"fields": {"codename": "change_team", "name": "Can change team", "content_type": 55}, "model": "auth.permission", "pk": 164}, {"fields": {"codename": "delete_team", "name": "Can delete team", "content_type": 55}, "model": "auth.permission", "pk": 165}, {"fields": {"codename": "add_membership", "name": "Can add membership", "content_type": 56}, "model": "auth.permission", "pk": 166}, {"fields": {"codename": "change_membership", "name": "Can change membership", "content_type": 56}, "model": "auth.permission", "pk": 167}, {"fields": {"codename": "delete_membership", "name": "Can delete membership", "content_type": 56}, "model": "auth.permission", "pk": 168}, {"fields": {"codename": "add_talkproposal", "name": "Can add talk proposal", "content_type": 57}, "model": "auth.permission", "pk": 169}, {"fields": {"codename": "change_talkproposal", "name": "Can change talk proposal", "content_type": 57}, "model": "auth.permission", "pk": 170}, {"fields": {"codename": "delete_talkproposal", "name": "Can delete talk proposal", "content_type": 57}, "model": "auth.permission", "pk": 171}, {"fields": {"codename": "add_tutorialproposal", "name": "Can add tutorial proposal", "content_type": 58}, "model": "auth.permission", "pk": 172}, {"fields": {"codename": "change_tutorialproposal", "name": "Can change tutorial proposal", "content_type": 58}, "model": "auth.permission", "pk": 173}, {"fields": {"codename": "delete_tutorialproposal", "name": "Can delete tutorial proposal", "content_type": 58}, "model": "auth.permission", "pk": 174}, {"fields": {"username": "daaray", "first_name": "", "last_name": "", "is_active": true, "is_superuser": true, "is_staff": true, "last_login": "2015-03-12T01:40:01.236Z", "groups": [], "user_permissions": [], "password": "pbkdf2_sha256$15000$09j6WYNFQsUL$1UGRb3O1Xe/MPnW4H9J23vdmX7W5QY5Ykw6jIL8ENuU=", "email": "dray@caktusgroup.com", "date_joined": "2015-02-26T02:42:40.675Z"}, "model": "auth.user", "pk": 1}, {"fields": {"username": "aapplewhite", "first_name": "Amenity", "last_name": "Applewhite", "is_active": true, "is_superuser": true, "is_staff": true, "last_login": "2015-03-13T21:15:10.492Z", "groups": [], "user_permissions": [], "password": "pbkdf2_sha256$15000$mtcxXggVRSvj$omhpCvFyS0QV7Z6XFCcqj705BrpOigcoUQ2iNAPMaKs=", "email": "aapplewhite@continuum.io", "date_joined": "2015-03-10T23:24:13Z"}, "model": "auth.user", "pk": 3}, {"fields": {"username": "bhard", "first_name": "", "last_name": "", "is_active": true, "is_superuser": true, "is_staff": true, "last_login": "2015-03-13T22:01:09.264Z", "groups": [], "user_permissions": [], "password": "pbkdf2_sha256$15000$4AsbQb8ryau2$/6F2y7KywT07w5zVpb/2YI8KgFbuXfwXBYNrK9eb0qk=", "email": "brittain.hard@continuum.io", "date_joined": "2015-03-10T23:37:24.324Z"}, "model": "auth.user", "pk": 4}, {"fields": {"username": "leah", "first_name": "Leah", "last_name": "Silen", "is_active": true, "is_superuser": true, "is_staff": true, "last_login": "2015-03-11T22:38:00Z", "groups": [], "user_permissions": [], "password": "pbkdf2_sha256$15000$o59al8qxXSUD$vhlPmns/bclVXTcqxskbWCszDuANRkTICic10Lnq5lU=", "email": "leah@pydata.org", "date_joined": "2015-03-11T16:52:16Z"}, "model": "auth.user", "pk": 6}, {"fields": {"username": "2464e6d457c186496286d35066468", "first_name": "Sheila", "last_name": "Miguez", "is_active": true, "is_superuser": true, "is_staff": true, "last_login": "2015-03-12T01:13:13Z", "groups": [], "user_permissions": [], "password": "pbkdf2_sha256$15000$usd0FBoClhiu$9GfFPIx0rRZ+LfswT9HfnabxhKkI/+wJDuK0oawNUQU=", "email": "shekay@pobox.com", "date_joined": "2015-03-12T01:09:02Z"}, "model": "auth.user", "pk": 7}, {"fields": {"username": "47e85435f51078ccff281bca68396", "first_name": "Theo", "last_name": "Lekkas", "is_active": true, "is_superuser": true, "is_staff": true, "last_login": "2015-03-13T20:25:19.055Z", "groups": [], "user_permissions": [], "password": "pbkdf2_sha256$15000$2WkwDrgiT1p8$qyIVmsVeTzT8uIk8cQcshrbG96IoZt5tXYAtxhldLB0=", "email": "theo.lekkas@continuum.io", "date_joined": "2015-03-13T20:21:41Z"}, "model": "auth.user", "pk": 8}, {"fields": {"username": "5cd94f707f7d337c101f827f09429", "first_name": "Sarah", "last_name": "Reed", "is_active": true, "is_superuser": false, "is_staff": false, "last_login": "2015-03-13T21:59:19.861Z", "groups": [], "user_permissions": [], "password": "pbkdf2_sha256$15000$2OquMEO87u9e$O4PNILtfZH8Zp+61G/5T1MMAPCswkxdZ420YGyAOFow=", "email": "sreed@continuum.io", "date_joined": "2015-03-13T21:59:19.768Z"}, "model": "auth.user", "pk": 9}, {"fields": {"username": "f94dcfc286ca81e888b8ca9f84338", "first_name": "Brittain", "last_name": "Hard", "is_active": true, "is_superuser": false, "is_staff": false, "last_login": "2015-03-13T22:03:51.393Z", "groups": [], "user_permissions": [], "password": "pbkdf2_sha256$15000$QYvPWIjImZj4$z2uhizCkdr/ZLe+n9Ky3TkVrFrpOZNpuBWYqCNrPtic=", "email": "brittainhard@gmail.com", "date_joined": "2015-03-13T22:03:51.296Z"}, "model": "auth.user", "pk": 10}, {"fields": {"timezone": "", "user": 1, "language": "en-us"}, "model": "account.account", "pk": 1}, {"fields": {"timezone": "", "user": 3, "language": "en"}, "model": "account.account", "pk": 3}, {"fields": {"timezone": "", "user": 4, "language": "en"}, "model": "account.account", "pk": 4}, {"fields": {"timezone": "", "user": 6, "language": "en"}, "model": "account.account", "pk": 6}, {"fields": {"timezone": "US/Mountain", "user": 7, "language": "en"}, "model": "account.account", "pk": 7}, {"fields": {"timezone": "", "user": 8, "language": "en"}, "model": "account.account", "pk": 8}, {"fields": {"timezone": "", "user": 9, "language": "en"}, "model": "account.account", "pk": 9}, {"fields": {"timezone": "", "user": 10, "language": "en"}, "model": "account.account", "pk": 10}, {"fields": {"verified": false, "user": 1, "primary": true, "email": "dray@caktusgroup.com"}, "model": "account.emailaddress", "pk": 1}, {"fields": {"verified": false, "user": 3, "primary": true, "email": "aapplewhite@continuum.io"}, "model": "account.emailaddress", "pk": 3}, {"fields": {"verified": false, "user": 4, "primary": true, "email": "brittain.hard@continuum.io"}, "model": "account.emailaddress", "pk": 4}, {"fields": {"verified": false, "user": 6, "primary": true, "email": "leah@pydata.org"}, "model": "account.emailaddress", "pk": 5}, {"fields": {"verified": false, "user": 7, "primary": true, "email": "shekay@pobox.com"}, "model": "account.emailaddress", "pk": 6}, {"fields": {"verified": false, "user": 8, "primary": true, "email": "theo.lekkas@continuum.io"}, "model": "account.emailaddress", "pk": 7}, {"fields": {"verified": false, "user": 9, "primary": true, "email": "sreed@continuum.io"}, "model": "account.emailaddress", "pk": 8}, {"fields": {"verified": false, "user": 10, "primary": true, "email": "brittainhard@gmail.com"}, "model": "account.emailaddress", "pk": 9}, {"fields": {"action": "USER_SIGNED_UP", "timestamp": "2015-03-10T19:59:42.531Z", "user": null, "extra": {}}, "model": "eventlog.log", "pk": 1}, {"fields": {"action": "USER_LOGGED_IN", "timestamp": "2015-03-10T20:00:04.355Z", "user": null, "extra": {}}, "model": "eventlog.log", "pk": 2}, {"fields": {"action": "USER_LOGGED_IN", "timestamp": "2015-03-10T22:14:50.956Z", "user": null, "extra": {}}, "model": "eventlog.log", "pk": 3}, {"fields": {"action": "LOGIN_ATTEMPTED", "timestamp": "2015-03-10T22:19:21.441Z", "user": null, "extra": {"username": null, "result": false}}, "model": "eventlog.log", "pk": 4}, {"fields": {"action": "LOGIN_ATTEMPTED", "timestamp": "2015-03-10T23:20:08.176Z", "user": null, "extra": {"username": null, "result": false}}, "model": "eventlog.log", "pk": 5}, {"fields": {"action": "USER_LOGGED_IN", "timestamp": "2015-03-10T23:21:25.624Z", "user": null, "extra": {}}, "model": "eventlog.log", "pk": 6}, {"fields": {"action": "LOGIN_ATTEMPTED", "timestamp": "2015-03-10T23:21:31.120Z", "user": null, "extra": {"username": null, "result": false}}, "model": "eventlog.log", "pk": 7}, {"fields": {"action": "USER_SIGNED_UP", "timestamp": "2015-03-10T23:24:13.624Z", "user": 3, "extra": {}}, "model": "eventlog.log", "pk": 8}, {"fields": {"action": "USER_LOGGED_IN", "timestamp": "2015-03-10T23:26:31.649Z", "user": 3, "extra": {}}, "model": "eventlog.log", "pk": 9}, {"fields": {"action": "USER_LOGGED_IN", "timestamp": "2015-03-10T23:27:41.844Z", "user": null, "extra": {}}, "model": "eventlog.log", "pk": 10}, {"fields": {"action": "USER_LOGGED_IN", "timestamp": "2015-03-11T14:40:10.017Z", "user": null, "extra": {}}, "model": "eventlog.log", "pk": 11}, {"fields": {"action": "USER_LOGGED_IN", "timestamp": "2015-03-11T14:47:20.337Z", "user": 4, "extra": {}}, "model": "eventlog.log", "pk": 12}, {"fields": {"action": "USER_LOGGED_IN", "timestamp": "2015-03-11T14:51:44.051Z", "user": 3, "extra": {}}, "model": "eventlog.log", "pk": 13}, {"fields": {"action": "SIGNUP_ATTEMPTED", "timestamp": "2015-03-11T16:51:52.167Z", "user": null, "extra": {"username": null, "email": null, "result": false}}, "model": "eventlog.log", "pk": 14}, {"fields": {"action": "USER_SIGNED_UP", "timestamp": "2015-03-11T16:52:16.232Z", "user": 6, "extra": {}}, "model": "eventlog.log", "pk": 15}, {"fields": {"action": "USER_LOGGED_IN", "timestamp": "2015-03-11T22:38:00.299Z", "user": 6, "extra": {}}, "model": "eventlog.log", "pk": 16}, {"fields": {"action": "USER_SIGNED_UP", "timestamp": "2015-03-12T01:09:02.695Z", "user": 7, "extra": {}}, "model": "eventlog.log", "pk": 17}, {"fields": {"action": "USER_LOGGED_IN", "timestamp": "2015-03-12T01:13:13.685Z", "user": 7, "extra": {}}, "model": "eventlog.log", "pk": 18}, {"fields": {"action": "LOGIN_ATTEMPTED", "timestamp": "2015-03-12T01:33:29.609Z", "user": null, "extra": {"username": null, "result": false}}, "model": "eventlog.log", "pk": 19}, {"fields": {"action": "USER_LOGGED_IN", "timestamp": "2015-03-12T01:40:01.238Z", "user": 1, "extra": {}}, "model": "eventlog.log", "pk": 20}, {"fields": {"action": "USER_LOGGED_IN", "timestamp": "2015-03-12T02:33:26.682Z", "user": 4, "extra": {}}, "model": "eventlog.log", "pk": 21}, {"fields": {"action": "USER_LOGGED_IN", "timestamp": "2015-03-12T18:44:10.661Z", "user": 4, "extra": {}}, "model": "eventlog.log", "pk": 22}, {"fields": {"action": "USER_LOGGED_IN", "timestamp": "2015-03-13T01:25:46.217Z", "user": 4, "extra": {}}, "model": "eventlog.log", "pk": 23}, {"fields": {"action": "LOGIN_ATTEMPTED", "timestamp": "2015-03-13T20:15:34.797Z", "user": null, "extra": {"username": null, "result": false}}, "model": "eventlog.log", "pk": 24}, {"fields": {"action": "USER_SIGNED_UP", "timestamp": "2015-03-13T20:21:41.332Z", "user": 8, "extra": {}}, "model": "eventlog.log", "pk": 25}, {"fields": {"action": "USER_LOGGED_IN", "timestamp": "2015-03-13T20:24:51.615Z", "user": 4, "extra": {}}, "model": "eventlog.log", "pk": 26}, {"fields": {"action": "USER_LOGGED_IN", "timestamp": "2015-03-13T20:25:19.057Z", "user": 8, "extra": {}}, "model": "eventlog.log", "pk": 27}, {"fields": {"action": "USER_LOGGED_IN", "timestamp": "2015-03-13T21:15:10.493Z", "user": 3, "extra": {}}, "model": "eventlog.log", "pk": 28}, {"fields": {"action": "USER_SIGNED_UP", "timestamp": "2015-03-13T21:59:19.846Z", "user": 9, "extra": {}}, "model": "eventlog.log", "pk": 29}, {"fields": {"action": "USER_LOGGED_IN", "timestamp": "2015-03-13T22:01:09.266Z", "user": 4, "extra": {}}, "model": "eventlog.log", "pk": 30}, {"fields": {"action": "USER_SIGNED_UP", "timestamp": "2015-03-13T22:03:51.374Z", "user": 10, "extra": {}}, "model": "eventlog.log", "pk": 31}, {"fields": {"comment": "", "date_created": "2015-03-12T18:40:15.908Z", "manager_slug": "default", "user": 3}, "model": "reversion.revision", "pk": 1}, {"fields": {"comment": "Initial version.", "date_created": "2015-03-12T18:41:32.329Z", "manager_slug": "default", "user": 3}, "model": "reversion.revision", "pk": 2}, {"fields": {"comment": "Initial version.", "date_created": "2015-03-13T01:26:39.330Z", "manager_slug": "default", "user": 4}, "model": "reversion.revision", "pk": 3}, {"fields": {"comment": "Changed body and tags.", "date_created": "2015-03-13T01:34:25.029Z", "manager_slug": "default", "user": 4}, "model": "reversion.revision", "pk": 4}, {"fields": {"comment": "Changed body and tags.", "date_created": "2015-03-13T01:37:17.143Z", "manager_slug": "default", "user": 4}, "model": "reversion.revision", "pk": 5}, {"fields": {"comment": "Changed body and tags.", "date_created": "2015-03-13T01:38:27.535Z", "manager_slug": "default", "user": 4}, "model": "reversion.revision", "pk": 6}, {"fields": {"comment": "Initial version.", "date_created": "2015-03-13T01:43:46.580Z", "manager_slug": "default", "user": 6}, "model": "reversion.revision", "pk": 7}, {"fields": {"comment": "", "date_created": "2015-03-13T01:44:05.793Z", "manager_slug": "default", "user": 6}, "model": "reversion.revision", "pk": 8}, {"fields": {"comment": "Changed body and tags.", "date_created": "2015-03-13T01:45:48.197Z", "manager_slug": "default", "user": 6}, "model": "reversion.revision", "pk": 9}, {"fields": {"comment": "Changed title, body and tags.", "date_created": "2015-03-13T01:49:23.486Z", "manager_slug": "default", "user": 6}, "model": "reversion.revision", "pk": 10}, {"fields": {"comment": "Changed title, body and tags.", "date_created": "2015-03-13T01:52:36.475Z", "manager_slug": "default", "user": 6}, "model": "reversion.revision", "pk": 11}, {"fields": {"comment": "Changed body and tags.", "date_created": "2015-03-13T02:04:26.799Z", "manager_slug": "default", "user": 6}, "model": "reversion.revision", "pk": 12}, {"fields": {"comment": "", "date_created": "2015-03-13T14:54:28.062Z", "manager_slug": "default", "user": 6}, "model": "reversion.revision", "pk": 13}, {"fields": {"comment": "", "date_created": "2015-03-13T14:56:53.670Z", "manager_slug": "default", "user": 6}, "model": "reversion.revision", "pk": 14}, {"fields": {"comment": "", "date_created": "2015-03-13T15:04:05.533Z", "manager_slug": "default", "user": 6}, "model": "reversion.revision", "pk": 15}, {"fields": {"comment": "Changed path, body and tags.", "date_created": "2015-03-13T15:07:15.097Z", "manager_slug": "default", "user": 6}, "model": "reversion.revision", "pk": 16}, {"fields": {"comment": "Changed path, body and tags.", "date_created": "2015-03-13T15:07:48.055Z", "manager_slug": "default", "user": 6}, "model": "reversion.revision", "pk": 17}, {"fields": {"comment": "Changed body and tags.", "date_created": "2015-03-13T15:10:57.401Z", "manager_slug": "default", "user": 6}, "model": "reversion.revision", "pk": 18}, {"fields": {"comment": "Changed body and tags.", "date_created": "2015-03-13T15:11:16.517Z", "manager_slug": "default", "user": 6}, "model": "reversion.revision", "pk": 19}, {"fields": {"comment": "", "date_created": "2015-03-13T15:11:57.762Z", "manager_slug": "default", "user": 6}, "model": "reversion.revision", "pk": 20}, {"fields": {"comment": "", "date_created": "2015-03-13T15:30:39.180Z", "manager_slug": "default", "user": 6}, "model": "reversion.revision", "pk": 21}, {"fields": {"comment": "Changed body and tags.", "date_created": "2015-03-13T15:37:48.446Z", "manager_slug": "default", "user": 6}, "model": "reversion.revision", "pk": 22}, {"fields": {"comment": "", "date_created": "2015-03-13T15:38:34.573Z", "manager_slug": "default", "user": 6}, "model": "reversion.revision", "pk": 23}, {"fields": {"comment": "", "date_created": "2015-03-13T18:37:45.065Z", "manager_slug": "default", "user": 6}, "model": "reversion.revision", "pk": 24}, {"fields": {"comment": "", "date_created": "2015-03-13T21:10:34.614Z", "manager_slug": "default", "user": 6}, "model": "reversion.revision", "pk": 25}, {"fields": {"comment": "Changed body and tags.", "date_created": "2015-03-13T21:34:40.751Z", "manager_slug": "default", "user": 6}, "model": "reversion.revision", "pk": 26}, {"fields": {"parent": null, "access_restricted": false, "access_permissions": [], "description": "", "insitetree": true, "hint": "", "url": "cms_page \"about/\"", "inbreadcrumbs": true, "title": "About", "tree": 1, "access_perm_type": 1, "alias": null, "sort_order": 2, "inmenu": true, "access_loggedin": false, "hidden": false, "urlaspattern": true, "access_guest": false}, "model": "sitetree.treeitem", "pk": 1}, {"fields": {"parent": null, "access_restricted": false, "access_permissions": [], "description": "", "insitetree": true, "hint": "", "url": "cms_page \"venue/\"", "inbreadcrumbs": true, "title": "Venue", "tree": 1, "access_perm_type": 1, "alias": null, "sort_order": 3, "inmenu": true, "access_loggedin": false, "hidden": false, "urlaspattern": true, "access_guest": false}, "model": "sitetree.treeitem", "pk": 2}, {"fields": {"parent": null, "access_restricted": false, "access_permissions": [], "description": "", "insitetree": true, "hint": "", "url": "#", "inbreadcrumbs": true, "title": "Sponsors", "tree": 1, "access_perm_type": 1, "alias": null, "sort_order": 4, "inmenu": true, "access_loggedin": false, "hidden": false, "urlaspattern": false, "access_guest": false}, "model": "sitetree.treeitem", "pk": 3}, {"fields": {"parent": null, "access_restricted": false, "access_permissions": [], "description": "", "insitetree": true, "hint": "", "url": "home", "inbreadcrumbs": true, "title": "Home", "tree": 1, "access_perm_type": 1, "alias": null, "sort_order": 1, "inmenu": true, "access_loggedin": false, "hidden": false, "urlaspattern": true, "access_guest": false}, "model": "sitetree.treeitem", "pk": 4}, {"fields": {"parent": 3, "access_restricted": false, "access_permissions": [], "description": "", "insitetree": true, "hint": "", "url": "sponsor_apply", "inbreadcrumbs": true, "title": "Apply to be a Sponsor", "tree": 1, "access_perm_type": 1, "alias": null, "sort_order": 6, "inmenu": true, "access_loggedin": false, "hidden": false, "urlaspattern": true, "access_guest": false}, "model": "sitetree.treeitem", "pk": 5}, {"fields": {"parent": 3, "access_restricted": false, "access_permissions": [], "description": "", "insitetree": true, "hint": "", "url": "sponsor_list", "inbreadcrumbs": true, "title": " Sponsors", "tree": 1, "access_perm_type": 1, "alias": null, "sort_order": 5, "inmenu": true, "access_loggedin": false, "hidden": false, "urlaspattern": true, "access_guest": false}, "model": "sitetree.treeitem", "pk": 6}, {"fields": {"parent": null, "access_restricted": false, "access_permissions": [], "description": "", "insitetree": true, "hint": "", "url": "cms_page \"cfp/\"", "inbreadcrumbs": true, "title": "CFP", "tree": 1, "access_perm_type": 1, "alias": null, "sort_order": 7, "inmenu": true, "access_loggedin": false, "hidden": false, "urlaspattern": false, "access_guest": false}, "model": "sitetree.treeitem", "pk": 7}, {"fields": {"action_flag": 3, "action_time": "2015-03-11T14:48:00.371Z", "object_repr": "brittainhard", "object_id": "2", "change_message": "", "user": 4, "content_type": 4}, "model": "admin.logentry", "pk": 1}, {"fields": {"action_flag": 3, "action_time": "2015-03-11T14:48:11.022Z", "object_repr": "root", "object_id": "5", "change_message": "", "user": 4, "content_type": 4}, "model": "admin.logentry", "pk": 2}, {"fields": {"action_flag": 2, "action_time": "2015-03-11T14:48:58.649Z", "object_repr": "aapplewhite", "object_id": "3", "change_message": "Changed username.", "user": 4, "content_type": 4}, "model": "admin.logentry", "pk": 3}, {"fields": {"action_flag": 2, "action_time": "2015-03-11T14:50:38.874Z", "object_repr": "aapplewhite", "object_id": "3", "change_message": "Changed is_staff and is_superuser.", "user": 4, "content_type": 4}, "model": "admin.logentry", "pk": 4}, {"fields": {"action_flag": 2, "action_time": "2015-03-11T19:51:43.914Z", "object_repr": "744ec2d4f81698a62e6b242576570", "object_id": "6", "change_message": "Changed is_staff and is_superuser.", "user": 3, "content_type": 4}, "model": "admin.logentry", "pk": 5}, {"fields": {"action_flag": 1, "action_time": "2015-03-11T23:08:23.978Z", "object_repr": "PyData Seattle 2015", "object_id": "2", "change_message": "", "user": 6, "content_type": 27}, "model": "admin.logentry", "pk": 6}, {"fields": {"action_flag": 1, "action_time": "2015-03-11T23:28:06.597Z", "object_repr": "Diamond", "object_id": "4", "change_message": "", "user": 6, "content_type": 50}, "model": "admin.logentry", "pk": 7}, {"fields": {"action_flag": 2, "action_time": "2015-03-11T23:29:50.737Z", "object_repr": "Gold", "object_id": "1", "change_message": "Changed conference, order, cost and description.", "user": 6, "content_type": 50}, "model": "admin.logentry", "pk": 8}, {"fields": {"action_flag": 2, "action_time": "2015-03-11T23:30:13.231Z", "object_repr": "Diamond", "object_id": "4", "change_message": "Added benefit level \"Diamond - Web Logo\". Added benefit level \"Diamond - Print Logo\". Added benefit level \"Diamond - Sponsor Description\".", "user": 6, "content_type": 50}, "model": "admin.logentry", "pk": 9}, {"fields": {"action_flag": 1, "action_time": "2015-03-11T23:31:29.259Z", "object_repr": "Platinum", "object_id": "5", "change_message": "", "user": 6, "content_type": 50}, "model": "admin.logentry", "pk": 10}, {"fields": {"action_flag": 2, "action_time": "2015-03-11T23:31:44.284Z", "object_repr": "Platinum", "object_id": "5", "change_message": "No fields changed.", "user": 6, "content_type": 50}, "model": "admin.logentry", "pk": 11}, {"fields": {"action_flag": 2, "action_time": "2015-03-11T23:33:29.524Z", "object_repr": "Silver", "object_id": "2", "change_message": "Changed conference, order, cost and description.", "user": 6, "content_type": 50}, "model": "admin.logentry", "pk": 12}, {"fields": {"action_flag": 1, "action_time": "2015-03-11T23:34:36.407Z", "object_repr": "Supporting", "object_id": "6", "change_message": "", "user": 6, "content_type": 50}, "model": "admin.logentry", "pk": 13}, {"fields": {"action_flag": 1, "action_time": "2015-03-11T23:39:30.115Z", "object_repr": "Video Sponsor", "object_id": "7", "change_message": "", "user": 6, "content_type": 50}, "model": "admin.logentry", "pk": 14}, {"fields": {"action_flag": 1, "action_time": "2015-03-11T23:41:25.303Z", "object_repr": "Tutorial/Sprint Sponsor", "object_id": "8", "change_message": "", "user": 6, "content_type": 50}, "model": "admin.logentry", "pk": 15}, {"fields": {"action_flag": 1, "action_time": "2015-03-11T23:43:41.193Z", "object_repr": "Drinks n' Data Sponsor", "object_id": "9", "change_message": "", "user": 6, "content_type": 50}, "model": "admin.logentry", "pk": 16}, {"fields": {"action_flag": 1, "action_time": "2015-03-11T23:44:24.035Z", "object_repr": "Badge Sponsor", "object_id": "10", "change_message": "", "user": 6, "content_type": 50}, "model": "admin.logentry", "pk": 17}, {"fields": {"action_flag": 1, "action_time": "2015-03-11T23:45:09.954Z", "object_repr": "Lanyard Sponsor", "object_id": "11", "change_message": "", "user": 6, "content_type": 50}, "model": "admin.logentry", "pk": 18}, {"fields": {"action_flag": 1, "action_time": "2015-03-12T00:40:18.179Z", "object_repr": "CFP", "object_id": "7", "change_message": "", "user": 6, "content_type": 21}, "model": "admin.logentry", "pk": 19}, {"fields": {"action_flag": 1, "action_time": "2015-03-12T00:41:12.776Z", "object_repr": "CFP", "object_id": "8", "change_message": "", "user": 6, "content_type": 21}, "model": "admin.logentry", "pk": 20}, {"fields": {"action_flag": 2, "action_time": "2015-03-12T01:24:45.046Z", "object_repr": "2464e6d457c186496286d35066468", "object_id": "7", "change_message": "Changed is_staff and is_superuser.", "user": 6, "content_type": 4}, "model": "admin.logentry", "pk": 21}, {"fields": {"action_flag": 2, "action_time": "2015-03-12T01:26:46.189Z", "object_repr": "leah", "object_id": "6", "change_message": "Changed username.", "user": 6, "content_type": 4}, "model": "admin.logentry", "pk": 22}, {"fields": {"action_flag": 1, "action_time": "2015-03-12T18:41:32.326Z", "object_repr": "Sponsor", "object_id": "2", "change_message": "", "user": 3, "content_type": 25}, "model": "admin.logentry", "pk": 23}, {"fields": {"action_flag": 1, "action_time": "2015-03-13T01:26:39.245Z", "object_repr": "sample", "object_id": "3", "change_message": "", "user": 4, "content_type": 25}, "model": "admin.logentry", "pk": 24}, {"fields": {"action_flag": 2, "action_time": "2015-03-13T01:34:25.024Z", "object_repr": "Sponsor", "object_id": "2", "change_message": "Changed body and tags.", "user": 4, "content_type": 25}, "model": "admin.logentry", "pk": 25}, {"fields": {"action_flag": 2, "action_time": "2015-03-13T01:37:17.139Z", "object_repr": "Sponsor", "object_id": "2", "change_message": "Changed body and tags.", "user": 4, "content_type": 25}, "model": "admin.logentry", "pk": 26}, {"fields": {"action_flag": 2, "action_time": "2015-03-13T01:38:27.532Z", "object_repr": "Sponsor", "object_id": "2", "change_message": "Changed body and tags.", "user": 4, "content_type": 25}, "model": "admin.logentry", "pk": 27}, {"fields": {"action_flag": 1, "action_time": "2015-03-13T01:43:46.578Z", "object_repr": "CFP", "object_id": "4", "change_message": "", "user": 6, "content_type": 25}, "model": "admin.logentry", "pk": 28}, {"fields": {"action_flag": 2, "action_time": "2015-03-13T01:45:48.195Z", "object_repr": "CFP", "object_id": "4", "change_message": "Changed body and tags.", "user": 6, "content_type": 25}, "model": "admin.logentry", "pk": 29}, {"fields": {"action_flag": 2, "action_time": "2015-03-13T01:47:14.013Z", "object_repr": "CFP", "object_id": "7", "change_message": "No fields changed.", "user": 6, "content_type": 21}, "model": "admin.logentry", "pk": 30}, {"fields": {"action_flag": 3, "action_time": "2015-03-13T01:47:33.302Z", "object_repr": "CFP", "object_id": "8", "change_message": "", "user": 6, "content_type": 21}, "model": "admin.logentry", "pk": 31}, {"fields": {"action_flag": 2, "action_time": "2015-03-13T01:49:23.484Z", "object_repr": "CFPa", "object_id": "4", "change_message": "Changed title, body and tags.", "user": 6, "content_type": 25}, "model": "admin.logentry", "pk": 32}, {"fields": {"action_flag": 2, "action_time": "2015-03-13T01:50:20.043Z", "object_repr": "CFP", "object_id": "7", "change_message": "No fields changed.", "user": 6, "content_type": 21}, "model": "admin.logentry", "pk": 33}, {"fields": {"action_flag": 2, "action_time": "2015-03-13T01:52:36.472Z", "object_repr": "CFP", "object_id": "4", "change_message": "Changed title, body and tags.", "user": 6, "content_type": 25}, "model": "admin.logentry", "pk": 34}, {"fields": {"action_flag": 3, "action_time": "2015-03-13T01:52:49.349Z", "object_repr": "sample", "object_id": "3", "change_message": "", "user": 6, "content_type": 25}, "model": "admin.logentry", "pk": 35}, {"fields": {"action_flag": 2, "action_time": "2015-03-13T02:04:26.797Z", "object_repr": "CFP", "object_id": "4", "change_message": "Changed body and tags.", "user": 6, "content_type": 25}, "model": "admin.logentry", "pk": 36}, {"fields": {"action_flag": 1, "action_time": "2015-03-13T14:46:55.821Z", "object_repr": "Sponsor Description", "object_id": "5", "change_message": "", "user": 6, "content_type": 52}, "model": "admin.logentry", "pk": 37}, {"fields": {"action_flag": 2, "action_time": "2015-03-13T14:48:13.223Z", "object_repr": "Diamond", "object_id": "4", "change_message": "Changed benefit and max_words for benefit level \"Diamond - Sponsor Description\".", "user": 6, "content_type": 50}, "model": "admin.logentry", "pk": 38}, {"fields": {"action_flag": 3, "action_time": "2015-03-13T15:01:00.784Z", "object_repr": "CFP", "object_id": "4", "change_message": "", "user": 6, "content_type": 25}, "model": "admin.logentry", "pk": 39}, {"fields": {"action_flag": 2, "action_time": "2015-03-13T15:07:15.095Z", "object_repr": "Call For Proposals", "object_id": "5", "change_message": "Changed path, body and tags.", "user": 6, "content_type": 25}, "model": "admin.logentry", "pk": 40}, {"fields": {"action_flag": 2, "action_time": "2015-03-13T15:07:48.054Z", "object_repr": "Call For Proposals", "object_id": "5", "change_message": "Changed path, body and tags.", "user": 6, "content_type": 25}, "model": "admin.logentry", "pk": 41}, {"fields": {"action_flag": 2, "action_time": "2015-03-13T15:10:57.398Z", "object_repr": "Call For Proposals", "object_id": "5", "change_message": "Changed body and tags.", "user": 6, "content_type": 25}, "model": "admin.logentry", "pk": 42}, {"fields": {"action_flag": 2, "action_time": "2015-03-13T15:11:16.516Z", "object_repr": "Call For Proposals", "object_id": "5", "change_message": "Changed body and tags.", "user": 6, "content_type": 25}, "model": "admin.logentry", "pk": 43}, {"fields": {"action_flag": 1, "action_time": "2015-03-13T15:20:29.528Z", "object_repr": "conf.pydata.org", "object_id": "3", "change_message": "", "user": 6, "content_type": 7}, "model": "admin.logentry", "pk": 44}, {"fields": {"action_flag": 2, "action_time": "2015-03-13T15:35:43.860Z", "object_repr": "CFP", "object_id": "7", "change_message": "Changed url.", "user": 6, "content_type": 21}, "model": "admin.logentry", "pk": 45}, {"fields": {"action_flag": 3, "action_time": "2015-03-13T15:37:35.598Z", "object_repr": "Call For Proposals", "object_id": "5", "change_message": "", "user": 6, "content_type": 25}, "model": "admin.logentry", "pk": 46}, {"fields": {"action_flag": 2, "action_time": "2015-03-13T15:37:48.443Z", "object_repr": "Call for Propossals", "object_id": "6", "change_message": "Changed body and tags.", "user": 6, "content_type": 25}, "model": "admin.logentry", "pk": 47}, {"fields": {"action_flag": 2, "action_time": "2015-03-13T17:01:26.544Z", "object_repr": "conf.pydata.org/seattle2015", "object_id": "3", "change_message": "Changed domain.", "user": 4, "content_type": 7}, "model": "admin.logentry", "pk": 48}, {"fields": {"action_flag": 2, "action_time": "2015-03-13T17:12:19.032Z", "object_repr": "conf.pydata.org/seattle2015", "object_id": "3", "change_message": "No fields changed.", "user": 4, "content_type": 7}, "model": "admin.logentry", "pk": 49}, {"fields": {"action_flag": 2, "action_time": "2015-03-13T20:25:02.156Z", "object_repr": "47e85435f51078ccff281bca68396", "object_id": "8", "change_message": "Changed is_staff and is_superuser.", "user": 4, "content_type": 4}, "model": "admin.logentry", "pk": 50}, {"fields": {"action_flag": 2, "action_time": "2015-03-13T21:34:40.748Z", "object_repr": "Venue Map", "object_id": "1", "change_message": "Changed body and tags.", "user": 6, "content_type": 25}, "model": "admin.logentry", "pk": 51}, {"fields": {"action_flag": 3, "action_time": "2015-03-13T21:43:56.258Z", "object_repr": "Sponsor Description", "object_id": "5", "change_message": "", "user": 6, "content_type": 52}, "model": "admin.logentry", "pk": 52}]